track_id,gt_family,cluster_id,side,center_lat,center_lon,n_beams,NSM,SCE,EPR,LRR,LR2,LSE,LCI,TemporalSpan_days,ClusterTemporalSpanYears,ValidRegression,U_position_m,U_NSM_m,U_EPR_myr,first_date,last_date,initial_cycles,used_cycles
1006,gt1,L,L,70.79174007884545,-158.87559968821756,13,-47.0,81.0,-6.98,-2.34,0.08,17.68,5.3,2452.0,6.71,True,4.8,6.79,1.01,2019-03-04 00:00:00,2025-11-19 00:00:00,13,13
1006,gt1,R,R,70.79181512045103,-158.87734306911875,12,-41.0,62.0,-6.18,-1.18,0.02,18.46,5.91,2452.0,6.71,True,4.8,6.79,1.01,2019-03-04 00:00:00,2025-11-19 00:00:00,12,12
1006,gt2,L,L,70.79833880170814,-158.96167224764193,12,79.0,113.0,11.78,5.93,0.14,32.03,10.39,2452.0,6.71,True,4.8,6.79,1.01,2019-03-04 00:00:00,2025-11-19 00:00:00,12,12
1006,gt2,R,R,70.79843791533973,-158.96411086012617,13,65.0,76.0,9.68,3.98,0.17,19.6,5.88,2452.0,6.71,True,4.8,6.79,1.01,2019-03-04 00:00:00,2025-11-19 00:00:00,13,13
1006,gt3,L,L,70.81317068478766,-159.0447197491773,10,1.0,23.0,0.2,-1.37,0.12,7.21,3.05,2089.0,5.72,True,4.8,6.79,1.19,2020-03-01 00:00:00,2025-11-19 00:00:00,10,10
1006,gt3,R,R,70.81325374942097,-159.04702190239,11,-26.0,145.0,-4.47,-10.25,0.18,39.5,16.39,2089.0,5.72,True,4.8,6.79,1.19,2020-03-01 00:00:00,2025-11-19 00:00:00,11,11
1021,gt2,L,L,70.91654588134885,-153.2057523797542,10,-200.0,200.0,-40.18,-18.81,0.25,58.29,26.57,1816.0,4.97,True,4.8,6.79,1.37,2019-03-05 00:00:00,2024-02-23 00:00:00,10,10
1021,gt2,R,R,70.91651400994628,-153.20757021296043,8,-208.0,208.0,-41.9,-28.58,0.67,36.34,20.12,1816.0,4.97,True,4.8,6.79,1.37,2019-03-05 00:00:00,2024-02-23 00:00:00,8,8
1028,gt1,L,L,70.18559778609466,-147.39413397405065,10,97.0,99.0,14.44,11.43,0.5,25.76,9.3,2452.0,6.71,True,4.8,6.79,1.01,2019-03-05 00:00:00,2025-11-20 00:00:00,10,10
1028,gt1,R,R,70.1856201046911,-147.39203348043387,9,-304.0,340.0,-45.34,-18.65,0.15,104.18,39.1,2452.0,6.71,True,4.8,6.79,1.01,2019-03-05 00:00:00,2025-11-20 00:00:00,9,9
1044,gt1,L,L,68.8935604153174,-164.8422462502212,11,-62.0,84.0,-10.81,-6.79,0.21,24.08,9.83,2089.0,5.72,True,4.8,6.79,1.19,2019-06-05 00:00:00,2025-02-22 00:00:00,11,11
1044,gt1,R,R,68.89377135294204,-164.84014441302395,11,54.0,77.0,9.39,2.02,0.03,22.96,9.28,2089.0,5.72,True,4.8,6.79,1.19,2019-06-05 00:00:00,2025-02-22 00:00:00,11,11
1044,gt2,L,L,68.89800777455613,-164.76254529956103,10,0.0,19.0,0.09,-0.12,0.0,6.2,2.82,1998.0,5.47,True,4.8,6.79,1.24,2019-09-04 00:00:00,2025-02-22 00:00:00,10,10
1044,gt2,R,R,68.89805239837447,-164.7603056926052,13,108.0,108.0,18.82,5.1,0.08,29.66,11.23,2089.0,5.72,True,4.8,6.79,1.19,2019-06-05 00:00:00,2025-02-22 00:00:00,13,13
1044,gt3,L,L,68.906275680146,-164.68405635624745,11,10.0,56.0,1.9,1.15,0.02,15.18,6.68,1998.0,5.47,True,4.8,6.79,1.24,2019-09-04 00:00:00,2025-02-22 00:00:00,11,11
1044,gt3,R,R,68.90631802996478,-164.68187586464492,12,8.0,90.0,1.37,1.65,0.01,26.24,10.86,1998.0,5.47,True,4.8,6.79,1.24,2019-09-04 00:00:00,2025-02-22 00:00:00,12,12
1051,gt3,L,L,69.86704100958366,-142.27303065885343,10,6.0,37.0,1.29,-0.9,0.02,11.54,5.71,1725.0,4.72,True,4.8,6.79,1.44,2020-06-03 00:00:00,2025-02-22 00:00:00,10,10
1051,gt3,R,R,69.86708775370077,-142.27535699383563,8,-24.0,62.0,-5.02,-6.34,0.37,15.68,8.33,1726.0,4.73,True,4.8,6.79,1.44,2020-03-04 00:00:00,2024-11-24 00:00:00,8,8
1074,gt1,L,L,70.78080163197546,-154.1101515325113,10,-45.0,192.0,-7.22,-10.28,0.14,54.2,21.01,2270.0,6.21,True,4.8,6.79,1.09,2019-09-06 00:00:00,2025-11-23 00:00:00,10,10
1074,gt1,R,R,70.78088469722087,-154.1076522644344,9,-42.0,160.0,-6.83,-6.54,0.08,52.55,19.25,2270.0,6.21,True,4.8,6.79,1.09,2019-09-06 00:00:00,2025-11-23 00:00:00,9,9
1074,gt2,L,L,70.80919684127714,-154.03217588558806,9,-64.0,269.0,-10.33,-13.43,0.13,75.56,30.53,2270.0,6.21,True,4.8,6.79,1.09,2019-09-06 00:00:00,2025-11-23 00:00:00,9,9
1074,gt2,R,R,70.80940911143544,-154.02966103829482,8,-58.0,234.0,-9.32,-16.35,0.23,70.6,29.53,2270.0,6.21,True,4.8,6.79,1.09,2019-09-06 00:00:00,2025-11-23 00:00:00,8,8
1082,gt1,L,L,70.87816224815096,-153.91440377413795,13,-87.0,114.0,-13.39,-14.28,0.79,16.58,4.83,2361.0,6.46,True,4.8,6.79,1.05,2019-06-08 00:00:00,2025-11-24 00:00:00,13,13
1082,gt1,R,R,70.87823050951741,-153.91670462739629,13,-114.0,160.0,-17.6,-13.26,0.57,27.26,7.7,2361.0,6.46,True,4.8,6.79,1.05,2019-06-08 00:00:00,2025-11-24 00:00:00,13,13
1082,gt2,L,L,70.8072811384396,-154.0313299631082,14,-19.0,351.0,-2.87,-7.53,0.02,128.42,34.41,2361.0,6.46,True,4.8,6.79,1.05,2019-06-08 00:00:00,2025-11-24 00:00:00,14,14
1082,gt2,R,R,70.80745372029058,-154.03373537646956,15,-51.0,76.0,-7.88,-4.56,0.28,17.16,4.35,2361.0,6.46,True,4.8,6.79,1.05,2019-06-08 00:00:00,2025-11-24 00:00:00,15,15
1082,gt3,L,L,70.77365597528413,-154.13326993776283,15,-33.0,117.0,-5.16,-1.95,0.03,27.75,6.99,2361.0,6.46,True,4.8,6.79,1.05,2019-06-08 00:00:00,2025-11-24 00:00:00,15,15
1082,gt3,R,R,70.77373736430626,-154.13568277639823,16,-60.0,69.0,-9.27,-1.9,0.05,19.11,4.55,2361.0,6.46,True,4.8,6.79,1.05,2019-06-08 00:00:00,2025-11-24 00:00:00,16,16
1089,gt1,L,L,70.33845445799594,-148.2307286931816,11,27.0,103.0,4.61,-3.71,0.1,26.03,8.33,2180.0,5.97,True,4.8,6.79,1.14,2019-06-08 00:00:00,2025-05-27 00:00:00,11,11
1089,gt1,R,R,70.33851585481331,-148.2282004220228,11,84.0,105.0,14.07,-1.05,0.01,35.67,10.79,2180.0,5.97,True,4.8,6.79,1.14,2019-06-08 00:00:00,2025-05-27 00:00:00,11,11
1104,gt1,L,L,69.89191294506418,-142.34909809020732,12,-21.0,180.0,-3.84,-9.94,0.09,61.38,21.88,1998.0,5.47,True,4.8,6.79,1.24,2019-09-08 00:00:00,2025-02-26 00:00:00,12,12
1104,gt1,R,R,69.8920823157672,-142.34672271788517,13,-100.0,167.0,-18.24,-17.53,0.34,46.02,16.19,1998.0,5.47,True,4.8,6.79,1.24,2019-09-08 00:00:00,2025-02-26 00:00:00,13,13
1112,gt2,L,L,70.05595381220795,-142.89883122570805,12,291.0,291.0,45.09,11.63,0.06,102.46,31.63,2361.0,6.46,True,4.8,6.79,1.05,2019-06-10 00:00:00,2025-11-26 00:00:00,12,12
1112,gt2,R,R,70.05609747004112,-142.90189654355177,12,29.0,243.0,4.9,3.81,0.01,84.94,29.68,2180.0,5.97,True,4.8,6.79,1.14,2019-12-08 00:00:00,2025-11-26 00:00:00,12,12
1112,gt3,L,L,70.05794557175348,-142.9838773236818,12,-15.0,398.0,-2.55,-2.92,0.0,107.86,37.82,2180.0,5.97,True,4.8,6.79,1.14,2019-12-08 00:00:00,2025-11-26 00:00:00,12,12
1112,gt3,R,R,70.05807992517548,-142.98703712556124,11,-7.0,273.0,-1.15,4.38,0.01,89.82,32.6,2180.0,5.97,True,4.8,6.79,1.14,2019-12-08 00:00:00,2025-11-26 00:00:00,11,11
1150,gt1,L,L,70.4625645309272,-149.05675047822382,12,-21.0,396.0,-3.44,6.68,0.02,103.42,32.41,2270.0,6.21,True,4.8,6.79,1.09,2019-09-11 00:00:00,2025-11-28 00:00:00,12,12
1150,gt1,R,R,70.46260917605537,-149.0545619920419,7,-136.0,179.0,-24.9,-15.19,0.22,67.76,33.22,1998.0,5.47,True,4.8,6.79,1.24,2019-09-11 00:00:00,2025-03-01 00:00:00,7,7
1158,gt1,L,L,70.47488112148733,-149.13876757869463,12,16.0,323.0,2.53,-5.62,0.02,77.42,27.2,2361.0,6.46,True,4.8,6.79,1.05,2019-06-13 00:00:00,2025-11-29 00:00:00,12,12
1158,gt1,R,R,70.47510014024782,-149.140956257396,12,14.0,212.0,2.14,-0.26,0.0,50.28,17.67,2361.0,6.46,True,4.8,6.79,1.05,2019-06-13 00:00:00,2025-11-29 00:00:00,12,12
1158,gt2,L,L,70.48690137364522,-149.22159848624963,12,155.0,168.0,23.03,7.92,0.11,48.73,15.96,2452.0,6.71,True,4.8,6.79,1.01,2019-03-14 00:00:00,2025-11-29 00:00:00,12,12
1158,gt2,R,R,70.48707363658669,-149.2240101294466,12,116.0,297.0,17.21,5.09,0.02,72.18,23.64,2452.0,6.71,True,4.8,6.79,1.01,2019-03-14 00:00:00,2025-11-29 00:00:00,12,12
1158,gt3,L,L,70.49145530848209,-149.3076164563334,10,-41.0,58.0,-6.66,-5.55,0.27,18.59,7.53,2270.0,6.21,True,4.8,6.79,1.09,2019-06-13 00:00:00,2025-08-30 00:00:00,10,10
1158,gt3,R,R,70.49151412081031,-149.3099655795809,11,29.0,168.0,4.72,-1.68,0.01,44.98,16.43,2270.0,6.21,True,4.8,6.79,1.09,2019-06-13 00:00:00,2025-08-30 00:00:00,11,11
1165,gt2,L,L,70.07854430840284,-143.1142151305604,12,-15.0,60.0,-2.3,1.47,0.04,17.87,5.31,2361.0,6.46,True,4.8,6.79,1.05,2019-06-13 00:00:00,2025-11-29 00:00:00,12,12
1165,gt2,R,R,70.07851409885693,-143.11187900587743,13,-94.0,189.0,-14.53,2.63,0.02,49.43,13.25,2361.0,6.46,True,4.8,6.79,1.05,2019-06-13 00:00:00,2025-11-29 00:00:00,13,13
1173,gt2,L,L,70.13353165677897,-143.6479297026263,11,2.0,154.0,0.29,-4.85,0.03,54.62,19.46,2089.0,5.72,True,4.8,6.79,1.19,2019-12-12 00:00:00,2025-08-31 00:00:00,11,11
1173,gt2,R,R,70.13359011255169,-143.65029341972644,12,2.0,76.0,0.28,-2.54,0.04,24.73,8.78,2089.0,5.72,True,4.8,6.79,1.19,2019-12-12 00:00:00,2025-08-31 00:00:00,12,12
1173,gt3,L,L,70.09157554385092,-143.74924868411463,11,-275.0,353.0,-48.03,-20.79,0.12,116.99,43.14,2089.0,5.72,True,4.8,6.79,1.19,2019-12-12 00:00:00,2025-08-31 00:00:00,11,11
1173,gt3,R,R,70.09160129316223,-143.75166834578627,11,-34.0,154.0,-6.0,1.0,0.0,40.36,14.88,2089.0,5.72,True,4.8,6.79,1.19,2019-12-12 00:00:00,2025-08-31 00:00:00,11,11
1181,gt1,L,L,70.27652852914377,-161.1844589411861,8,7.0,140.0,1.35,14.39,0.26,44.13,23.97,1816.0,4.97,True,4.8,6.79,1.37,2019-12-13 00:00:00,2024-12-02 00:00:00,8,8
1181,gt1,R,R,70.27665813433171,-161.18223405454668,6,17.0,91.0,3.39,9.07,0.25,32.64,21.96,1816.0,4.97,True,4.8,6.79,1.37,2019-12-13 00:00:00,2024-12-02 00:00:00,6,6
1181,gt2,L,L,70.29166615928422,-161.1034814748685,8,-108.0,206.0,-21.67,-14.18,0.12,74.38,38.82,1816.0,4.97,True,4.8,6.79,1.37,2019-12-13 00:00:00,2024-12-02 00:00:00,8,8
1181,gt2,R,R,70.29173824278281,-161.10121372849392,7,-143.0,174.0,-28.83,-9.62,0.06,73.2,44.67,1816.0,4.97,True,4.8,6.79,1.37,2019-12-13 00:00:00,2024-12-02 00:00:00,7,7
1181,gt3,L,L,70.32296773759401,-161.02866648399194,7,-143.0,270.0,-28.73,-6.18,0.01,112.83,68.86,1816.0,4.97,True,4.8,6.79,1.37,2019-12-13 00:00:00,2024-12-02 00:00:00,7,7
1181,gt3,R,R,70.32305398186637,-161.02588789328075,6,-38.0,290.0,-9.04,3.04,0.0,128.71,104.43,1544.0,4.23,True,4.8,6.79,1.61,2019-12-13 00:00:00,2024-03-05 00:00:00,6,6
1189,gt2,L,L,70.24058376445295,-161.51320416614237,1,,,,,,,,,,False,4.8,,,2019-12-13 00:00:00,2019-12-13 00:00:00,1,1
1189,gt2,R,R,70.24074801720799,-161.5155406344592,1,,,,,,,,,,False,4.8,,,2019-12-13 00:00:00,2019-12-13 00:00:00,1,1
1189,gt3,L,L,70.24419101751764,-161.59834321869386,1,,,,,,,,,,False,4.8,,,2019-12-13 00:00:00,2019-12-13 00:00:00,1,1
1189,gt3,R,R,70.24428457955754,-161.60072863524957,1,,,,,,,,,,False,4.8,,,2019-12-13 00:00:00,2019-12-13 00:00:00,1,1
1219,gt1,L,L,70.49339959842273,-149.91237796159072,14,-29.0,88.0,-4.85,-7.77,0.35,21.04,6.61,2180.0,5.97,True,4.8,6.79,1.14,2019-12-15 00:00:00,2025-12-03 00:00:00,14,14
1219,gt1,R,R,70.49356963297949,-149.91470679459806,14,-52.0,386.0,-10.46,-0.16,0.0,160.59,57.37,1817.0,4.97,True,4.8,6.79,1.36,2019-12-15 00:00:00,2024-12-05 00:00:00,14,14
1219,gt2,L,L,70.45965875794252,-150.01274551961023,15,-9.0,46.0,-1.49,-2.01,0.08,13.78,3.98,2271.0,6.22,True,4.8,6.79,1.09,2019-09-15 00:00:00,2025-12-03 00:00:00,15,15
1219,gt2,R,R,70.4597867447928,-150.01510384735917,15,-29.0,84.0,-4.82,-4.28,0.16,20.1,5.89,2180.0,5.97,True,4.8,6.79,1.14,2019-09-15 00:00:00,2025-09-03 00:00:00,15,15
1226,gt2,L,L,70.07374808182979,-143.88723101888797,12,-127.0,160.0,-22.15,-14.38,0.25,49.82,17.63,2089.0,5.72,True,4.8,6.79,1.19,2019-12-16 00:00:00,2025-09-04 00:00:00,12,12
1226,gt2,R,R,70.07389916734346,-143.8849694285984,13,-141.0,149.0,-24.69,-6.65,0.06,56.18,18.0,2089.0,5.72,True,4.8,6.79,1.19,2019-12-16 00:00:00,2025-09-04 00:00:00,13,13
1234,gt1,L,L,70.0297521802664,-144.37865979194717,12,14.0,42.0,2.15,0.38,0.0,12.73,4.27,2361.0,6.46,True,4.8,6.79,1.05,2019-06-18 00:00:00,2025-12-04 00:00:00,12,12
1234,gt1,R,R,70.02992366258411,-144.38092123399508,10,-6.0,39.0,-1.01,1.1,0.02,14.64,5.84,2180.0,5.97,True,4.8,6.79,1.14,2019-12-16 00:00:00,2025-12-04 00:00:00,10,10
1234,gt2,L,L,70.01683508187746,-144.4691899294316,13,29.0,99.0,4.43,-1.49,0.01,25.47,8.11,2361.0,6.46,True,4.8,6.79,1.05,2019-06-18 00:00:00,2025-12-04 00:00:00,13,13
1234,gt2,R,R,70.01688294108284,-144.47148704033413,13,50.0,96.0,7.71,5.85,0.11,34.58,11.01,2361.0,6.46,True,4.8,6.79,1.05,2019-06-18 00:00:00,2025-12-04 00:00:00,13,13
1242,gt1,L,L,70.26726166104041,-161.9587470181473,14,-15.0,142.0,-2.32,4.95,0.09,33.39,9.92,2361.0,6.46,True,4.8,6.79,1.05,2019-06-18 00:00:00,2025-12-04 00:00:00,14,14
1242,gt1,R,R,70.26729569963621,-161.95636395783373,15,43.0,253.0,6.68,10.51,0.13,54.68,16.06,2361.0,6.46,True,4.8,6.79,1.05,2019-06-18 00:00:00,2025-12-04 00:00:00,15,15
1250,gt3,L,L,70.0143672475689,-162.4608881213593,14,8.0,322.0,1.18,-13.97,0.05,121.49,37.72,2361.0,6.46,True,4.8,6.79,1.05,2019-06-19 00:00:00,2025-12-05 00:00:00,14,14
1250,gt3,R,R,70.01444428621333,-162.4631900033969,16,-9.0,145.0,-1.32,-7.52,0.14,38.47,10.86,2361.0,6.46,True,4.8,6.79,1.05,2019-06-19 00:00:00,2025-12-05 00:00:00,16,16
1257,gt2,L,L,71.33379833306464,-156.57770016584703,13,23.0,84.0,3.56,1.45,0.02,25.04,7.43,2361.0,6.46,True,4.8,6.79,1.05,2019-06-19 00:00:00,2025-12-05 00:00:00,13,13
1257,gt2,R,R,71.33391740980758,-156.5750750034458,13,21.0,142.0,3.58,-1.94,0.01,41.34,13.23,2179.0,5.97,True,4.8,6.79,1.14,2019-12-18 00:00:00,2025-12-05 00:00:00,13,13
1265,gt1,L,L,71.24115088869581,-156.10314409681902,1,,,,,,,,,,False,4.8,,,2021-09-14 00:00:00,2021-09-14 00:00:00,1,1
1265,gt1,R,R,71.2413425540354,-156.10556328206405,9,-8.0,146.0,-1.31,6.3,0.06,53.17,23.32,2180.0,5.97,True,4.8,6.79,1.14,2019-12-18 00:00:00,2025-12-06 00:00:00,9,9
1265,gt2,L,L,71.25476314313978,-156.18874978160204,12,-23.0,38.0,-3.49,-4.69,0.79,5.55,1.68,2361.0,6.46,True,4.8,6.79,1.05,2019-06-20 00:00:00,2025-12-06 00:00:00,12,12
1265,gt2,R,R,71.25489013614205,-156.1912249476731,13,-28.0,38.0,-4.27,-4.65,0.72,6.39,1.91,2361.0,6.46,True,4.8,6.79,1.05,2019-06-20 00:00:00,2025-12-06 00:00:00,13,13
1265,gt3,L,L,71.2628336515945,-156.2767034893647,12,-23.0,100.0,-3.55,-7.25,0.33,24.1,7.3,2361.0,6.46,True,4.8,6.79,1.05,2019-06-20 00:00:00,2025-12-06 00:00:00,12,12
1265,gt3,R,R,71.26297526442593,-156.27912187607964,15,104.0,135.0,16.15,-1.0,0.0,44.96,12.54,2361.0,6.46,True,4.8,6.79,1.05,2019-06-20 00:00:00,2025-12-06 00:00:00,15,15
1287,gt2,L,L,69.96728567071342,-144.62776702597233,15,-28.0,83.0,-4.15,-1.65,0.03,20.33,5.6,2452.0,6.71,True,4.8,6.79,1.01,2019-03-22 00:00:00,2025-12-07 00:00:00,15,15
1287,gt2,R,R,69.96741037085735,-144.6254991585497,16,-50.0,159.0,-7.45,-2.2,0.01,47.24,12.86,2452.0,6.71,True,4.8,6.79,1.01,2019-03-22 00:00:00,2025-12-07 00:00:00,16,16
0129,gt1,L,L,70.8799422489057,-153.8936687442613,19,48.0,293.0,7.4,-17.33,0.18,78.06,19.03,2362.0,6.47,True,4.8,6.79,1.05,2019-01-05 00:00:00,2025-06-24 00:00:00,19,19
0129,gt1,R,R,70.88010731944375,-153.890677818386,18,118.0,226.0,18.25,-6.51,0.06,54.41,13.34,2362.0,6.47,True,4.8,6.79,1.05,2019-01-05 00:00:00,2025-06-24 00:00:00,18,18
0129,gt2,L,L,70.88439036741337,-153.80625939278323,15,-217.0,217.0,-33.58,-17.91,0.61,32.44,8.56,2362.0,6.47,True,4.8,6.79,1.05,2019-01-05 00:00:00,2025-06-24 00:00:00,15,15
0129,gt2,R,R,70.88455950886528,-153.8034149929064,15,-166.0,168.0,-25.73,-15.88,0.58,30.54,8.12,2362.0,6.47,True,4.8,6.79,1.05,2019-01-05 00:00:00,2025-06-24 00:00:00,15,15
0129,gt3,L,L,70.88639068088362,-153.71771933693782,16,-332.0,382.0,-51.4,-22.5,0.18,106.92,27.78,2362.0,6.47,True,4.8,6.79,1.05,2019-01-05 00:00:00,2025-06-24 00:00:00,16,16
0129,gt3,R,R,70.8865705625429,-153.71504584857016,8,-122.0,122.0,-24.49,-19.91,0.88,13.32,7.38,1817.0,4.97,True,4.8,6.79,1.36,2019-04-06 00:00:00,2024-03-27 00:00:00,8,8
1295,gt1,L,L,69.99067182073789,-145.17469127648656,8,14.0,105.0,3.59,9.71,0.2,30.17,19.36,1453.0,3.98,True,4.8,6.79,1.71,2021-03-18 00:00:00,2025-03-10 00:00:00,8,8
1295,gt1,R,R,69.99058922631862,-145.1743646342993,10,-9.0,197.0,-1.74,-2.39,0.01,53.55,27.38,1907.0,5.22,True,4.8,6.79,1.3,2019-12-20 00:00:00,2025-03-10 00:00:00,10,10
1295,gt2,L,L,70.02621244758524,-145.24472969673417,9,58.0,566.0,9.65,4.07,0.0,164.0,76.21,2179.0,5.97,True,4.8,6.79,1.14,2019-03-23 00:00:00,2025-03-10 00:00:00,9,9
1295,gt2,R,R,70.02614214159219,-145.24669632843938,8,-129.0,292.0,-30.59,1.69,0.0,120.61,74.49,1544.0,4.23,True,4.8,6.79,1.61,2020-12-17 00:00:00,2025-03-10 00:00:00,8,8
1295,gt3,L,L,70.01922147426295,-145.3323934664846,12,121.0,258.0,20.35,22.31,0.3,67.5,24.12,2179.0,5.97,True,4.8,6.79,1.14,2019-03-23 00:00:00,2025-03-10 00:00:00,12,12
1295,gt3,R,R,70.01937018210215,-145.33480673622267,11,170.0,237.0,28.48,27.27,0.34,65.84,28.95,2179.0,5.97,True,4.8,6.79,1.14,2019-03-23 00:00:00,2025-03-10 00:00:00,11,11
1303,gt2,L,L,69.94499456789244,-162.53204150482347,11,-10.0,75.0,-1.59,-1.09,0.01,19.0,7.17,2270.0,6.21,True,4.8,6.79,1.09,2019-09-21 00:00:00,2025-12-08 00:00:00,11,11
1303,gt2,R,R,69.94501664126761,-162.5296802798391,13,-28.0,167.0,-4.47,-3.19,0.03,39.41,12.29,2270.0,6.21,True,4.8,6.79,1.09,2019-09-21 00:00:00,2025-12-08 00:00:00,13,13
1303,gt3,L,L,69.98935186728916,-162.46269055951146,11,38.0,287.0,6.16,-2.62,0.0,91.55,34.22,2270.0,6.21,True,4.8,6.79,1.09,2019-09-21 00:00:00,2025-12-08 00:00:00,11,11
1303,gt3,R,R,69.9893493746069,-162.4602216199,11,114.0,138.0,18.41,11.54,0.23,46.36,15.76,2270.0,6.21,True,4.8,6.79,1.09,2019-09-21 00:00:00,2025-12-08 00:00:00,11,11
1318,gt1,L,L,71.01838028362485,-157.32029496637904,13,-48.0,161.0,-9.21,-10.99,0.11,56.28,20.63,1907.0,5.22,True,4.8,6.79,1.3,2019-09-22 00:00:00,2024-12-11 00:00:00,13,13
1318,gt1,R,R,71.01848990721565,-157.31751672740583,14,330.0,330.0,53.07,11.47,0.07,89.89,26.59,2271.0,6.22,True,4.8,6.79,1.09,2019-03-24 00:00:00,2025-06-11 00:00:00,14,14
1318,gt2,L,L,71.05259975506031,-157.24418211728738,13,438.0,514.0,76.6,25.35,0.1,143.48,50.58,2089.0,5.72,True,4.8,6.79,1.19,2019-03-24 00:00:00,2024-12-11 00:00:00,13,13
1318,gt2,R,R,71.05273973524022,-157.24161783208058,14,171.0,378.0,29.87,8.22,0.01,131.53,43.99,2089.0,5.72,True,4.8,6.79,1.19,2019-03-24 00:00:00,2024-12-11 00:00:00,14,14
1318,gt3,L,L,71.0954082402178,-157.17095349915465,12,-241.0,466.0,-44.06,-14.19,0.03,138.2,52.57,1998.0,5.47,True,4.8,6.79,1.24,2019-03-24 00:00:00,2024-09-11 00:00:00,12,12
1318,gt3,R,R,71.09537725935171,-157.1678396390444,13,465.0,465.0,74.81,5.61,0.01,149.55,47.91,2271.0,6.22,True,4.8,6.79,1.09,2019-03-24 00:00:00,2025-06-11 00:00:00,13,13
1341,gt2,L,L,70.43871801249162,-151.5771602476774,17,267.0,303.0,39.72,-0.08,0.0,96.54,23.3,2452.0,6.71,True,4.8,6.79,1.01,2019-03-26 00:00:00,2025-12-11 00:00:00,17,17
1341,gt2,R,R,70.43884511353313,-151.5795444447748,18,238.0,283.0,35.45,-3.66,0.01,93.86,21.29,2452.0,6.71,True,4.8,6.79,1.01,2019-03-26 00:00:00,2025-12-11 00:00:00,18,18
1341,gt3,L,L,70.43590760422255,-151.66573287396346,18,-2.0,54.0,-0.29,-1.49,0.04,17.5,3.97,2452.0,6.71,True,4.8,6.79,1.01,2019-03-26 00:00:00,2025-12-11 00:00:00,18,18
1341,gt3,R,R,70.4359496425223,-151.66811664929,19,10.0,76.0,1.46,2.02,0.08,15.66,3.53,2452.0,6.71,True,4.8,6.79,1.01,2019-03-26 00:00:00,2025-12-11 00:00:00,19,19
1348,gt1,L,L,70.05868560535957,-145.52608897127237,11,20.0,71.0,3.83,4.33,0.17,17.57,7.18,1907.0,5.22,True,4.8,6.79,1.3,2019-09-24 00:00:00,2024-12-13 00:00:00,11,11
1348,gt1,R,R,70.05878331934775,-145.5235420672439,14,156.0,297.0,27.22,5.9,0.03,64.6,21.53,2089.0,5.72,True,4.8,6.79,1.19,2019-09-24 00:00:00,2025-06-13 00:00:00,14,14
1348,gt2,L,L,70.03344549765264,-145.43114235506354,13,-64.0,277.0,-11.25,-4.02,0.01,78.12,26.99,2089.0,5.72,True,4.8,6.79,1.19,2019-09-24 00:00:00,2025-06-13 00:00:00,13,13
1348,gt2,R,R,70.0335776072019,-145.42851399405566,11,-175.0,301.0,-30.67,-7.06,0.02,104.91,39.23,2089.0,5.72,True,4.8,6.79,1.19,2019-09-24 00:00:00,2025-06-13 00:00:00,11,11
1348,gt3,L,L,70.0197977768289,-145.34248873659982,7,13.0,152.0,2.53,7.09,0.06,52.59,31.11,1907.0,5.22,True,4.8,6.79,1.3,2019-09-24 00:00:00,2024-12-13 00:00:00,7,7
1348,gt3,R,R,70.01998520803515,-145.3381997596148,3,-20.0,158.0,-4.92,-4.92,0.01,121.4,548.35,1453.0,3.98,True,4.8,6.79,1.71,2020-12-21 00:00:00,2024-12-13 00:00:00,3,3
1356,gt1,L,L,70.13587056604881,-145.89615646278796,12,11.0,236.0,1.86,14.83,0.2,52.17,20.75,2089.0,5.72,True,4.8,6.79,1.19,2019-12-24 00:00:00,2025-09-12 00:00:00,12,12
1356,gt1,R,R,70.13592915062439,-145.89847509572883,14,-23.0,131.0,-3.87,3.58,0.03,38.11,11.86,2180.0,5.97,True,4.8,6.79,1.14,2019-09-24 00:00:00,2025-09-12 00:00:00,14,14
1356,gt2,L,L,70.14331755379578,-145.97959189030627,15,-5.0,81.0,-0.78,0.9,0.01,20.49,5.85,2270.0,6.21,True,4.8,6.79,1.09,2019-06-26 00:00:00,2025-09-12 00:00:00,15,15
1356,gt2,R,R,70.14342123768154,-145.98196287901547,15,19.0,144.0,3.0,-3.13,0.04,35.16,9.77,2270.0,6.21,True,4.8,6.79,1.09,2019-06-26 00:00:00,2025-09-12 00:00:00,15,15
1356,gt3,L,L,70.14550628633111,-146.0650675626345,12,16.0,118.0,2.71,-0.63,0.0,30.6,10.36,2179.0,5.97,True,4.8,6.79,1.14,2019-06-26 00:00:00,2025-06-13 00:00:00,12,12
1356,gt3,R,R,70.14557846498758,-146.06743861791023,15,7.0,90.0,1.18,-1.39,0.01,27.73,7.7,2270.0,6.21,True,4.8,6.79,1.09,2019-06-26 00:00:00,2025-09-12 00:00:00,15,15
1364,gt1,L,L,69.32272686628023,-163.1728872824723,15,-31.0,143.0,-4.79,6.62,0.13,33.62,10.11,2361.0,6.46,True,4.8,6.79,1.05,2019-06-26 00:00:00,2025-12-12 00:00:00,15,15
1364,gt1,R,R,69.32288281112172,-163.17060833977206,13,26.0,68.0,4.69,6.81,0.46,13.56,4.87,1998.0,5.47,True,4.8,6.79,1.24,2019-06-26 00:00:00,2024-12-14 00:00:00,13,13
0137,gt2,L,L,70.88583233876092,-153.74122933657546,15,-140.0,173.0,-23.45,-22.08,0.75,23.42,7.54,2179.0,5.97,True,4.8,6.79,1.14,2019-04-07 00:00:00,2025-03-25 00:00:00,15,15
0137,gt2,R,R,70.88593632758834,-153.74368180557008,17,-140.0,141.0,-23.38,-15.44,0.56,25.39,7.48,2179.0,5.97,True,4.8,6.79,1.14,2019-04-07 00:00:00,2025-03-25 00:00:00,17,17
0137,gt3,L,L,70.8839745168871,-153.8315689062359,13,-80.0,82.0,-14.02,-12.01,0.83,9.88,3.61,2089.0,5.72,True,4.8,6.79,1.19,2019-04-07 00:00:00,2024-12-25 00:00:00,13,13
0137,gt3,R,R,70.88401634741761,-153.83400672251392,16,-84.0,84.0,-14.05,-12.1,0.85,9.09,2.87,2179.0,5.97,True,4.8,6.79,1.14,2019-04-07 00:00:00,2025-03-25 00:00:00,16,16
1379,gt2,L,L,70.84445028947057,-157.9398571518441,10,-19.0,124.0,-2.9,2.69,0.04,34.11,11.03,2452.0,6.71,True,4.8,6.79,1.01,2019-03-28 00:00:00,2025-12-13 00:00:00,10,10
1379,gt2,R,R,70.84445800499408,-157.9368022969396,10,-12.0,113.0,-2.07,-4.55,0.09,33.81,11.64,2179.0,5.97,True,4.8,6.79,1.14,2019-12-26 00:00:00,2025-12-13 00:00:00,10,10
1379,gt3,L,L,70.85833881417545,-157.85580109128975,10,-22.0,120.0,-3.28,1.51,0.01,39.94,13.19,2452.0,6.71,True,4.8,6.79,1.01,2019-03-28 00:00:00,2025-12-13 00:00:00,10,10
1379,gt3,R,R,70.8584458667486,-157.85290577815678,9,-19.0,85.0,-3.14,-2.67,0.05,28.96,10.52,2179.0,5.97,True,4.8,6.79,1.14,2019-12-26 00:00:00,2025-12-13 00:00:00,9,9
1387,gt1,L,L,70.86667891827264,-157.8108436694479,11,3.0,117.0,0.49,-2.84,0.03,37.07,12.92,2180.0,5.97,True,4.8,6.79,1.14,2019-12-26 00:00:00,2025-12-14 00:00:00,11,11
1387,gt1,R,R,70.86663647371778,-157.81323903725416,11,1.0,44.0,0.22,-1.15,0.04,11.57,4.07,2180.0,5.97,True,4.8,6.79,1.14,2019-12-26 00:00:00,2025-12-14 00:00:00,11,11
1387,gt2,L,L,70.84893418653513,-157.90717224757705,13,0.0,79.0,-0.06,-1.22,0.01,26.31,7.85,2452.0,6.71,True,4.8,6.79,1.01,2019-03-29 00:00:00,2025-12-14 00:00:00,13,13
1387,gt2,R,R,70.84899157262568,-157.90960706877425,11,5.0,28.0,0.86,-0.64,0.03,8.56,3.01,2180.0,5.97,True,4.8,6.79,1.14,2019-12-26 00:00:00,2025-12-14 00:00:00,11,11
1387,gt3,L,L,70.83555725310632,-158.00171051204657,11,-5.0,225.0,-0.76,11.82,0.2,50.97,17.56,2180.0,5.97,True,4.8,6.79,1.14,2019-12-26 00:00:00,2025-12-14 00:00:00,11,11
1387,gt3,R,R,70.83541808784504,-158.00420491160438,10,3.0,44.0,0.46,0.71,0.01,11.91,5.16,1998.0,5.47,True,4.8,6.79,1.24,2019-12-26 00:00:00,2025-06-15 00:00:00,10,10
0015,gt2,L,L,70.8153867155461,-152.2117580823204,15,-167.0,186.0,-24.94,-21.4,0.67,36.05,8.94,2452.0,6.71,True,4.8,6.79,1.01,2019-03-30,2025-12-15,15,15
0015,gt2,R,R,70.81547172393827,-152.21422055129506,19,-306.0,307.0,-45.65,-26.7,0.3,92.85,21.11,2452.0,6.71,True,4.8,6.79,1.01,2019-03-30,2025-12-15,19,19
0152,gt2,L,L,70.33829485781355,-148.2425599649515,15,-70.0,130.0,-11.25,-4.0,0.06,33.08,9.47,2270.0,6.21,True,4.8,6.79,1.09,2019-04-08 00:00:00,2025-06-25 00:00:00,15,15
0152,gt2,R,R,70.33857873521714,-148.2448656110685,13,-85.0,161.0,-13.68,-5.66,0.04,61.42,17.43,2270.0,6.21,True,4.8,6.79,1.09,2019-04-08 00:00:00,2025-06-25 00:00:00,13,13
0167,gt2,L,L,70.01766136145073,-142.6526691046749,14,-128.0,132.0,-19.82,-11.65,0.35,32.57,9.91,2361.0,6.46,True,4.8,6.79,1.05,2019-04-09 00:00:00,2025-09-25 00:00:00,14,14
0167,gt2,R,R,70.01777738920028,-142.65504638875677,14,-75.0,132.0,-11.55,-10.37,0.27,36.96,10.67,2361.0,6.46,True,4.8,6.79,1.05,2019-04-09 00:00:00,2025-09-25 00:00:00,14,14
0167,gt3,L,L,70.0370007519334,-142.73157853080008,11,150.0,245.0,24.06,12.21,0.09,80.86,28.76,2270.0,6.21,True,4.8,6.79,1.09,2019-04-09 00:00:00,2025-06-26 00:00:00,11,11
0167,gt3,R,R,70.03725204087887,-142.7338205434385,10,-4.0,47.0,-0.68,-2.71,0.23,10.79,4.04,2179.0,5.97,True,4.8,6.79,1.14,2019-04-09 00:00:00,2025-03-27 00:00:00,10,10
0205,gt1,L,L,70.40472419799029,-148.77505341761955,2,57.0,57.0,,,,,,91.0,0.25,False,4.8,6.79,,2020-10-07 00:00:00,2021-01-06 00:00:00,2,2
0205,gt1,R,R,70.4049392274477,-148.77093121055427,11,19.0,194.0,3.21,-3.44,0.01,72.87,23.5,2179.0,5.97,True,4.8,6.79,1.14,2020-01-09 00:00:00,2025-12-27 00:00:00,11,11
0205,gt2,L,L,70.4046889278628,-148.6852860746861,2,512.0,512.0,294.21,,,,,636.0,1.74,False,4.8,6.79,3.9,2021-01-06 00:00:00,2022-10-04 00:00:00,2,2
0205,gt2,R,R,70.40467112552268,-148.6842844706549,2,270.0,270.0,155.13,,,,,636.0,1.74,False,4.8,6.79,3.9,2021-01-06 00:00:00,2022-10-04 00:00:00,2,2
0205,gt3,L,L,70.39737977229133,-148.5954219786345,1,,,,,,,,,,False,4.8,,,2021-01-06 00:00:00,2021-01-06 00:00:00,1,1
0205,gt3,R,R,70.39743125663833,-148.59490493691476,1,,,,,,,,,,False,4.8,,,2022-10-04 00:00:00,2022-10-04 00:00:00,1,1
0213,gt2,L,L,70.43504160169624,-148.98448845191535,2,318.0,318.0,79.9,,,,,1453.0,3.98,False,4.8,6.79,1.71,2020-10-08 00:00:00,2024-09-30 00:00:00,2,2
0213,gt2,R,R,70.43498621492368,-148.98694690171538,14,-117.0,472.0,-19.66,1.69,0.0,122.3,38.0,2180.0,5.97,True,4.8,6.79,1.14,2020-01-09 00:00:00,2025-12-28 00:00:00,14,14
0213,gt3,L,L,70.46333496020635,-149.06151473454943,2,117.0,117.0,29.51,,,,,1453.0,3.98,False,4.8,6.79,1.71,2020-10-08 00:00:00,2024-09-30 00:00:00,2,2
0213,gt3,R,R,70.46345805547578,-149.0638426377728,17,-39.0,249.0,-5.79,-2.66,0.0,87.2,21.91,2452.0,6.71,True,4.8,6.79,1.01,2019-04-12 00:00:00,2025-12-28 00:00:00,17,17
0022,gt1,L,L,70.17849849140337,-146.34934764205244,1,,,,,,,,,,False,4.8,,,2025-12-15 00:00:00,2025-12-15 00:00:00,1,1
0022,gt1,R,R,70.1785970403149,-146.34691169800956,1,,,,,,,,,,False,4.8,,,2025-12-15 00:00:00,2025-12-15 00:00:00,1,1
0228,gt2,L,L,70.0898868080124,-143.4046773715776,12,19.0,127.0,3.24,2.35,0.02,41.06,13.1,2180.0,5.97,True,4.8,6.79,1.14,2020-01-10 00:00:00,2025-12-29 00:00:00,12,12
0228,gt2,R,R,70.09003763256803,-143.40702275017355,13,18.0,136.0,2.86,-4.84,0.07,39.26,11.53,2271.0,6.22,True,4.8,6.79,1.09,2019-10-11 00:00:00,2025-12-29 00:00:00,13,13
0228,gt3,L,L,70.08683308004258,-143.49194836852044,9,-3.0,17.0,-0.57,-0.26,0.01,6.05,2.29,2180.0,5.97,True,4.8,6.79,1.14,2020-01-10 00:00:00,2025-12-29 00:00:00,9,9
0228,gt3,R,R,70.08697893527291,-143.49426299779657,10,15.0,133.0,2.46,4.32,0.04,49.35,17.6,2180.0,5.97,True,4.8,6.79,1.14,2020-01-10 00:00:00,2025-12-29 00:00:00,10,10
0236,gt1,L,L,70.32513221151912,-160.9461176166698,11,-28.0,71.0,-5.27,-4.24,0.12,21.37,8.81,1907.0,5.22,True,4.8,6.79,1.3,2020-01-11 00:00:00,2025-04-01 00:00:00,11,11
0236,gt1,R,R,70.32512188758253,-160.94344428253413,12,-46.0,74.0,-8.33,-1.48,0.02,18.45,6.83,1998.0,5.47,True,4.8,6.79,1.24,2020-01-11 00:00:00,2025-07-01 00:00:00,12,12
0236,gt2,L,L,70.33919688359371,-160.86431678636916,12,-28.0,150.0,-5.16,-1.63,0.01,43.55,16.11,1998.0,5.47,True,4.8,6.79,1.24,2020-01-11 00:00:00,2025-07-01 00:00:00,12,12
0236,gt2,R,R,70.33927025114878,-160.86169583168487,12,-94.0,169.0,-17.2,-5.46,0.05,45.19,16.72,1998.0,5.47,True,4.8,6.79,1.24,2020-01-11 00:00:00,2025-07-01 00:00:00,12,12
0236,gt3,L,L,70.36388363099678,-160.78638702482024,12,-100.0,148.0,-18.2,-8.69,0.16,37.73,13.96,1998.0,5.47,True,4.8,6.79,1.24,2020-01-11 00:00:00,2025-07-01 00:00:00,12,12
0236,gt3,R,R,70.36391831201216,-160.78363861175458,13,-147.0,147.0,-25.77,-9.96,0.19,40.02,13.49,2089.0,5.72,True,4.8,6.79,1.19,2020-01-11 00:00:00,2025-09-30 00:00:00,13,13
0244,gt1,L,L,70.28467554785877,-161.150588719628,11,-65.0,180.0,-11.38,-16.36,0.33,50.53,17.76,2089.0,5.72,True,4.8,6.79,1.19,2020-01-11 00:00:00,2025-09-30 00:00:00,11,11
0244,gt1,R,R,70.28468247695764,-161.15294946384694,11,-22.0,29.0,-3.81,-2.82,0.4,7.77,2.61,2089.0,5.72,True,4.8,6.79,1.19,2020-01-11 00:00:00,2025-09-30 00:00:00,11,11
0244,gt2,L,L,70.25958496503785,-161.24679313816517,9,-16.0,49.0,-2.83,-4.46,0.46,11.31,4.34,2089.0,5.72,True,4.8,6.79,1.19,2020-01-11 00:00:00,2025-09-30 00:00:00,9,9
0244,gt2,R,R,70.25955246341094,-161.24917175649605,12,-13.0,46.0,-2.31,-2.0,0.09,13.26,4.38,2089.0,5.72,True,4.8,6.79,1.19,2020-01-11 00:00:00,2025-09-30 00:00:00,12,12
0244,gt3,L,L,70.24673644381622,-161.33827812933765,1,,,,,,,,,,False,4.8,,,2024-10-02 00:00:00,2024-10-02 00:00:00,1,1
0244,gt3,R,R,70.24683660582097,-161.34055457501086,2,187.0,187.0,107.2,,,,,636.0,1.74,False,4.8,6.79,3.9,2023-01-05 00:00:00,2024-10-02 00:00:00,2,2
0266,gt1,L,L,70.4964734357236,-149.5895129232699,12,-411.0,468.0,-63.57,-25.06,0.23,107.75,31.98,2362.0,6.47,True,4.8,6.79,1.05,2019-01-14 00:00:00,2025-07-03 00:00:00,12,12
0266,gt1,R,R,70.49672191398821,-149.58389882766772,13,-18.0,71.0,-3.19,0.93,0.01,21.02,6.78,2089.0,5.72,True,4.8,6.79,1.19,2019-10-14 00:00:00,2025-07-03 00:00:00,13,13
0266,gt2,L,L,70.50621692855896,-149.50176007276397,13,-39.0,111.0,-6.53,-8.44,0.22,33.11,10.56,2179.0,5.97,True,4.8,6.79,1.14,2019-10-14 00:00:00,2025-10-01 00:00:00,13,13
0266,gt2,R,R,70.50638427229214,-149.49989003399392,14,-140.0,297.0,-23.5,-18.81,0.18,86.77,25.45,2179.0,5.97,True,4.8,6.79,1.14,2019-10-14 00:00:00,2025-10-01 00:00:00,14,14
0266,gt3,L,L,70.4896773253911,-149.41104484119978,12,-209.0,357.0,-33.58,-4.15,0.01,110.33,36.62,2271.0,6.22,True,4.8,6.79,1.09,2019-01-14 00:00:00,2025-04-03 00:00:00,12,12
0266,gt3,R,R,70.48975021134282,-149.4074919673005,15,-426.0,433.0,-63.4,-27.79,0.36,84.93,22.04,2452.0,6.71,True,4.8,6.79,1.01,2019-01-14 00:00:00,2025-10-01 00:00:00,15,15
0274,gt1,L,L,70.50397800652746,-149.6487680054159,12,-124.0,130.0,-22.69,-5.33,0.07,39.73,14.09,1998.0,5.47,True,4.8,6.79,1.24,2020-01-13 00:00:00,2025-07-03 00:00:00,12,12
0274,gt1,R,R,70.50409189245894,-149.6512052086795,1,,,,,,,,,,False,4.8,,,2023-01-07 00:00:00,2023-01-07 00:00:00,1,1
0274,gt3,L,L,70.49517162356517,-149.8280203591249,14,-55.0,374.0,-9.67,-13.91,0.08,91.17,29.28,2089.0,5.72,True,4.8,6.79,1.19,2019-10-14 00:00:00,2025-07-03 00:00:00,14,14
0274,gt3,R,R,70.49526247439012,-149.83032942074678,1,,,,,,,,,,False,4.8,,,2023-01-07 00:00:00,2023-01-07 00:00:00,1,1
0281,gt2,L,L,70.1334779257098,-143.6537307880708,10,-126.0,159.0,-21.17,-9.33,0.21,40.52,14.67,2180.0,5.97,True,4.8,6.79,1.14,2019-01-15 00:00:00,2025-01-03 00:00:00,10,10
0281,gt2,R,R,70.13368562398031,-143.651393672971,11,-135.0,171.0,-20.92,-8.42,0.18,42.92,13.65,2362.0,6.47,True,4.8,6.79,1.05,2019-01-15 00:00:00,2025-07-04 00:00:00,11,11
0289,gt2,L,L,70.03580647762719,-144.20294804158203,9,-22.0,47.0,-3.79,-1.06,0.02,14.04,6.25,2089.0,5.72,True,4.8,6.79,1.19,2019-10-15 00:00:00,2025-07-04 00:00:00,9,9
0289,gt2,R,R,70.03592186334097,-144.20526404686217,9,5.0,27.0,0.92,-0.01,0.0,9.46,3.93,2089.0,5.72,True,4.8,6.79,1.19,2019-10-15 00:00:00,2025-07-04 00:00:00,9,9
0297,gt1,L,L,70.26646985149897,-161.6991834618583,10,6.0,30.0,0.97,0.2,0.0,10.47,3.79,2089.0,5.72,True,4.8,6.79,1.19,2019-10-16 00:00:00,2025-07-05 00:00:00,10,10
0297,gt1,R,R,70.26659730463352,-161.69685653216968,12,8.0,65.0,1.45,3.32,0.14,16.55,5.73,2089.0,5.72,True,4.8,6.79,1.19,2019-10-16 00:00:00,2025-07-05 00:00:00,12,12
0297,gt2,L,L,70.24360399732058,-161.60835992833802,8,0.0,19.0,0.08,0.64,0.05,6.32,2.89,1907.0,5.22,True,4.8,6.79,1.3,2019-10-16 00:00:00,2025-01-04 00:00:00,8,8
0297,gt2,R,R,70.24371124685347,-161.6055111404853,12,-23.0,130.0,-3.82,4.03,0.04,46.53,14.28,2180.0,5.97,True,4.8,6.79,1.14,2019-10-16 00:00:00,2025-10-04 00:00:00,12,12
0297,gt3,L,L,70.2403902820838,-161.51993474190107,11,-15.0,204.0,-2.4,-8.6,0.14,52.97,15.97,2362.0,6.47,True,4.8,6.79,1.05,2019-01-16 00:00:00,2025-07-05 00:00:00,11,11
0297,gt3,R,R,70.24045158684855,-161.5176186731167,11,-195.0,368.0,-34.09,-9.59,0.02,129.77,46.17,2089.0,5.72,True,4.8,6.79,1.19,2019-10-16 00:00:00,2025-07-05 00:00:00,11,11
0030,gt2,L,L,70.1764396094237,-146.74596065130277,13,-44.0,109.0,-7.7,-8.09,0.19,37.14,11.02,2089.0,5.72,True,4.8,6.79,1.19,2019-12-28 00:00:00,2025-09-16 00:00:00,13,13
0030,gt2,R,R,70.17654220571634,-146.74836896586817,13,-52.0,53.0,-9.01,-3.54,0.16,18.29,5.39,2089.0,5.72,True,4.8,6.79,1.19,2019-12-28 00:00:00,2025-09-16 00:00:00,13,13
0305,gt2,L,L,70.21681506386274,-162.04126606303987,9,-4.0,26.0,-0.61,0.43,0.01,9.08,3.7,2089.0,5.72,True,4.8,6.79,1.19,2019-04-18 00:00:00,2025-01-05 00:00:00,9,9
0305,gt2,R,R,70.21687946099327,-162.04362345315442,11,-224.0,249.0,-35.99,-5.86,0.02,88.05,29.93,2270.0,6.21,True,4.8,6.79,1.09,2019-04-18 00:00:00,2025-07-05 00:00:00,11,11
0320,gt1,L,L,71.18441647720702,-155.86672177640963,13,27.0,236.0,4.75,13.52,0.1,70.31,26.25,2089.0,5.72,True,4.8,6.79,1.19,2019-10-17 00:00:00,2025-07-06 00:00:00,13,13
0320,gt1,R,R,71.18453504354768,-155.8692141409511,12,-188.0,340.0,-32.92,-5.29,0.01,98.12,37.19,2089.0,5.72,True,4.8,6.79,1.19,2019-10-17 00:00:00,2025-07-06 00:00:00,12,12
0320,gt3,L,L,71.20669742469393,-156.0400652913384,13,78.0,266.0,15.72,22.4,0.15,89.99,35.96,1816.0,4.97,True,4.8,6.79,1.37,2020-07-16 00:00:00,2025-07-06 00:00:00,13,13
0320,gt3,R,R,71.206787432492,-156.04244241661206,11,-54.0,119.0,-11.48,-5.29,0.07,31.22,14.33,1725.0,4.72,True,4.8,6.79,1.44,2020-10-15 00:00:00,2025-07-06 00:00:00,11,11
0327,gt3,L,L,70.43125012308775,-150.16920518220107,11,22.0,319.0,3.57,22.57,0.13,112.02,43.58,2271.0,6.22,True,4.8,6.79,1.09,2019-04-19 00:00:00,2025-07-07 00:00:00,11,11
0327,gt3,R,R,70.43133980987206,-150.1665849438881,11,-28.0,334.0,-5.2,-5.54,0.01,93.82,38.15,1998.0,5.47,True,4.8,6.79,1.24,2020-01-17 00:00:00,2025-07-07 00:00:00,11,11
0342,gt1,L,L,70.01715759929856,-144.47522043769158,10,29.0,120.0,5.14,6.34,0.1,36.91,15.59,2088.0,5.72,True,4.8,6.79,1.19,2020-01-18 00:00:00,2025-10-06 00:00:00,10,10
0342,gt1,R,R,70.0173438128254,-144.46943926436873,10,210.0,210.0,36.76,21.66,0.39,53.95,22.17,2088.0,5.72,True,4.8,6.79,1.19,2020-01-18 00:00:00,2025-10-06 00:00:00,10,10
0342,gt2,L,L,70.03047983685306,-144.39400498096143,11,74.0,129.0,14.09,6.14,0.07,37.18,17.24,1907.0,5.22,True,4.8,6.79,1.3,2020-01-18 00:00:00,2025-04-08 00:00:00,11,11
0342,gt2,R,R,70.03061649627243,-144.38956144841907,13,10.0,311.0,1.75,9.92,0.05,77.52,29.29,2088.0,5.72,True,4.8,6.79,1.19,2020-01-18 00:00:00,2025-10-06 00:00:00,13,13
0342,gt3,L,L,70.0293588897486,-144.3075755618732,13,-53.0,133.0,-9.21,-6.45,0.07,41.83,15.91,2088.0,5.72,True,4.8,6.79,1.19,2020-01-18 00:00:00,2025-10-06 00:00:00,13,13
0342,gt3,R,R,70.02950152312053,-144.30290207648872,12,138.0,179.0,24.15,16.1,0.26,50.5,19.35,2088.0,5.72,True,4.8,6.79,1.19,2020-01-18 00:00:00,2025-10-06 00:00:00,12,12
0350,gt1,L,L,69.96167659992989,-144.92265147433974,11,-4.0,20.0,-0.81,0.02,0.0,6.26,2.61,1816.0,4.97,True,4.8,6.79,1.37,2019-04-21 00:00:00,2024-04-10 00:00:00,11,11
0350,gt1,R,R,69.96177768599844,-144.9249966487361,11,-22.0,31.0,-4.4,-0.98,0.04,8.98,3.75,1816.0,4.97,True,4.8,6.79,1.37,2019-04-21 00:00:00,2024-04-10 00:00:00,11,11
0350,gt3,L,L,69.983702874085,-145.08617306027074,12,-33.0,39.0,-6.27,-2.3,0.16,10.13,3.75,1907.0,5.22,True,4.8,6.79,1.3,2019-04-21 00:00:00,2024-07-10 00:00:00,12,12
0350,gt3,R,R,69.98381465792309,-145.0884818348748,12,-88.0,88.0,-16.91,-1.87,0.02,25.43,9.36,1907.0,5.22,True,4.8,6.79,1.3,2019-04-21 00:00:00,2024-07-10 00:00:00,12,12
0358,gt3,L,L,70.12599752708819,-162.2524955392363,8,-23.0,64.0,-3.86,-6.3,0.43,16.93,7.25,2180.0,5.97,True,4.8,6.79,1.14,2019-04-21 00:00:00,2025-04-09 00:00:00,8,8
0358,gt3,R,R,70.126093588284,-162.25024576377382,9,-1.0,34.0,-0.16,-2.28,0.1,14.57,6.19,1907.0,5.22,True,4.8,6.79,1.3,2020-01-19 00:00:00,2025-04-09 00:00:00,9,9
0373,gt1,L,L,71.13223008309262,-157.11152520016412,9,-144.0,313.0,-29.03,-15.04,0.06,107.32,51.56,1816.0,4.97,True,4.8,6.79,1.37,2020-01-20 00:00:00,2025-01-09 00:00:00,9,9
0373,gt1,R,R,71.13233676425803,-157.10901103882665,8,-80.0,247.0,-16.01,-19.91,0.15,88.0,46.72,1816.0,4.97,True,4.8,6.79,1.37,2020-01-20 00:00:00,2025-01-09 00:00:00,8,8
0373,gt2,L,L,71.17218047141728,-157.03663356393022,9,139.0,309.0,31.11,-8.33,0.02,106.02,54.21,1635.0,4.48,True,4.8,6.79,1.52,2020-07-19 00:00:00,2025-01-09 00:00:00,9,9
0373,gt2,R,R,71.17207389952543,-157.03392554837728,10,127.0,442.0,25.6,-1.5,0.0,175.98,77.64,1816.0,4.97,True,4.8,6.79,1.37,2020-01-20 00:00:00,2025-01-09 00:00:00,10,10
0373,gt3,L,L,71.21293822831278,-156.9621767889294,7,107.0,244.0,25.26,-14.47,0.07,91.88,60.89,1544.0,4.23,True,4.8,6.79,1.61,2020-10-18 00:00:00,2025-01-09 00:00:00,7,7
0373,gt3,R,R,71.21300564850722,-156.960224851944,7,93.0,358.0,21.9,-29.7,0.16,118.82,78.75,1544.0,4.23,True,4.8,6.79,1.61,2020-10-18 00:00:00,2025-01-09 00:00:00,7,7
0038,gt2,L,L,69.05111543060491,-163.7759653300392,11,-50.0,290.0,-10.55,-2.32,0.0,82.35,32.4,1726.0,4.73,True,4.8,6.79,1.44,2020-12-26 00:00:00,2025-09-17 00:00:00,11,11
0038,gt2,R,R,69.05118490110915,-163.77365255700354,12,-8.0,38.0,-1.44,-0.16,0.0,9.78,3.37,1998.0,5.47,True,4.8,6.79,1.24,2020-03-29 00:00:00,2025-09-17 00:00:00,12,12
0038,gt3,L,L,69.06993149730526,-163.70049889028624,7,-352.0,370.0,-83.18,-39.67,0.26,124.86,77.3,1544.0,4.23,True,4.8,6.79,1.61,2020-12-26 00:00:00,2025-03-19 00:00:00,7,7
0038,gt3,R,R,69.06987308718801,-163.69819345176884,10,-26.0,62.0,-4.8,-5.46,0.36,14.62,5.99,1998.0,5.47,True,4.8,6.79,1.24,2020-03-29 00:00:00,2025-09-17 00:00:00,10,10
0381,gt1,L,L,71.33508551126438,-156.58323363264526,1,,,,,,,,,,False,4.8,,,2020-04-20 00:00:00,2020-04-20 00:00:00,1,1
0403,gt2,L,L,69.98986768477016,-145.16272759966463,8,-103.0,170.0,-17.2,-10.24,0.19,51.17,20.98,2180.0,5.97,True,4.8,6.79,1.14,2019-01-23 00:00:00,2025-01-11 00:00:00,8,8
0403,gt2,R,R,69.99004718330328,-145.1602952424695,7,-237.0,273.0,-39.65,-28.26,0.48,75.76,33.86,2180.0,5.97,True,4.8,6.79,1.14,2019-01-23 00:00:00,2025-01-11 00:00:00,7,7
0403,gt3,L,L,69.98216330621307,-145.07338354750513,8,8.0,319.0,1.41,1.99,0.0,115.13,52.55,2089.0,5.72,True,4.8,6.79,1.19,2019-04-24 00:00:00,2025-01-11 00:00:00,8,8
0403,gt3,R,R,69.98236526739765,-145.0715676918382,6,-76.0,349.0,-14.55,11.72,0.03,149.96,90.62,1907.0,5.22,True,4.8,6.79,1.3,2019-10-23 00:00:00,2025-01-11 00:00:00,6,6
0419,gt2,L,L,69.67936960722527,-162.9555625512534,3,-51.0,74.0,-8.95,-8.16,0.38,42.45,133.04,2089.0,5.72,True,4.8,6.79,1.19,2019-10-24 00:00:00,2025-07-13 00:00:00,3,3
0419,gt2,R,R,69.67934700411583,-162.95347330484225,9,-44.0,202.0,-7.34,-0.53,0.0,66.43,27.39,2180.0,5.97,True,4.8,6.79,1.14,2019-10-24 00:00:00,2025-10-12 00:00:00,9,9
0427,gt1,L,L,68.99048153144595,-163.9511783397907,9,28.0,35.0,5.63,6.15,0.53,9.57,5.18,1817.0,4.97,True,4.8,6.79,1.36,2019-10-24 00:00:00,2024-10-14 00:00:00,9,9
0427,gt1,R,R,68.99041470287358,-163.95350252741974,10,-33.0,46.0,-5.85,-1.67,0.04,16.45,6.56,2089.0,5.72,True,4.8,6.79,1.19,2019-10-24 00:00:00,2025-07-13 00:00:00,10,10
0427,gt2,L,L,68.97451540744535,-164.03833905707674,11,-20.0,59.0,-3.68,-2.55,0.08,15.85,6.64,1998.0,5.47,True,4.8,6.79,1.24,2019-04-26 00:00:00,2024-10-14 00:00:00,11,11
0427,gt2,R,R,68.97459162294075,-164.04057383914008,11,50.0,69.0,9.23,4.29,0.14,18.79,7.92,1998.0,5.47,True,4.8,6.79,1.24,2019-04-26 00:00:00,2024-10-14 00:00:00,11,11
0427,gt3,L,L,68.95201067809053,-164.12760634449756,10,-57.0,228.0,-11.4,-18.32,0.2,63.34,30.2,1817.0,4.97,True,4.8,6.79,1.36,2019-10-24 00:00:00,2024-10-14 00:00:00,10,10
0427,gt3,R,R,68.95208560001203,-164.129783603968,11,29.0,71.0,5.01,-4.16,0.14,20.46,7.78,2089.0,5.72,True,4.8,6.79,1.19,2019-10-24 00:00:00,2025-07-13 00:00:00,11,11
0434,gt2,L,L,70.89348201402454,-157.6998554292616,11,180.0,267.0,30.1,-6.35,0.01,105.85,40.91,2180.0,5.97,True,4.8,6.79,1.14,2019-07-26 00:00:00,2025-07-14 00:00:00,11,11
0434,gt2,R,R,70.89357460697471,-157.696796143301,10,-40.0,176.0,-7.24,-13.54,0.16,58.09,25.41,1998.0,5.47,True,4.8,6.79,1.24,2020-01-24 00:00:00,2025-07-14 00:00:00,10,10
0434,gt3,L,L,70.9163459896179,-157.61872509408863,9,-105.0,119.0,-19.27,-20.11,0.74,20.16,10.52,1998.0,5.47,True,4.8,6.79,1.24,2020-01-24 00:00:00,2025-07-14 00:00:00,9,9
0434,gt3,R,R,70.91643289064451,-157.61553964484807,10,19.0,143.0,3.38,-5.33,0.04,47.48,22.71,1998.0,5.47,True,4.8,6.79,1.24,2020-01-24 00:00:00,2025-07-14 00:00:00,10,10
0442,gt1,L,L,70.94287250911478,-157.52083517161716,11,267.0,300.0,51.09,31.74,0.22,106.15,45.58,1908.0,5.22,True,4.8,6.79,1.3,2019-10-25 00:00:00,2025-01-14 00:00:00,11,11
0442,gt1,R,R,70.94322873425531,-157.52324860476205,13,2.0,114.0,0.39,3.71,0.05,29.82,11.09,1908.0,5.22,True,4.8,6.79,1.3,2019-10-25 00:00:00,2025-01-14 00:00:00,13,13
0442,gt2,L,L,70.91493067903673,-157.621868004201,11,-15.0,227.0,-2.89,-7.03,0.05,55.33,23.76,1908.0,5.22,True,4.8,6.79,1.3,2019-10-25 00:00:00,2025-01-14 00:00:00,11,11
0442,gt2,R,R,70.91511705032353,-157.624298923075,11,28.0,187.0,5.32,9.92,0.11,51.13,21.23,1908.0,5.22,True,4.8,6.79,1.3,2019-10-25 00:00:00,2025-01-14 00:00:00,11,11
0442,gt3,L,L,70.88625858355742,-157.72290455885928,10,-20.0,44.0,-3.83,-5.37,0.47,10.33,4.61,1908.0,5.22,True,4.8,6.79,1.3,2019-10-25 00:00:00,2025-01-14 00:00:00,10,10
0442,gt3,R,R,70.88633037805593,-157.7253013406698,10,10.0,54.0,1.88,-2.13,0.05,16.73,7.23,1908.0,5.22,True,4.8,6.79,1.3,2019-10-25 00:00:00,2025-01-14 00:00:00,10,10
0045,gt1,R,R,69.67612255182618,-141.13665298489911,1,,,,,,,,,,False,4.8,,,2025-09-17 00:00:00,2025-09-17 00:00:00,1,1
0457,gt1,L,L,70.56195392509558,-151.96165314639998,10,-10.0,19.0,-1.79,-1.15,0.08,7.32,3.15,1998.0,5.47,True,4.8,6.79,1.24,2019-04-28 00:00:00,2024-10-16 00:00:00,10,10
0457,gt1,R,R,70.56206177387813,-151.96420650467513,10,195.0,198.0,30.09,12.64,0.15,59.33,24.25,2361.0,6.46,True,4.8,6.79,1.05,2019-04-28 00:00:00,2025-10-14 00:00:00,10,10
0464,gt1,L,L,70.14433791692782,-146.0809897308759,13,-89.0,158.0,-13.32,-9.51,0.21,43.19,12.15,2452.0,6.71,True,4.8,6.79,1.01,2019-01-27 00:00:00,2025-10-14 00:00:00,13,13
0464,gt1,R,R,70.1444865378132,-146.0780482491379,12,-101.0,242.0,-14.97,-10.23,0.18,54.11,15.3,2452.0,6.71,True,4.8,6.79,1.01,2019-01-27 00:00:00,2025-10-14 00:00:00,12,12
0464,gt2,L,L,70.13812315950015,-145.99257223865033,13,-168.0,422.0,-26.01,-10.57,0.04,116.42,34.54,2361.0,6.46,True,4.8,6.79,1.05,2019-04-28 00:00:00,2025-10-14 00:00:00,13,13
0464,gt2,R,R,70.13826138230905,-145.98916783316383,13,-41.0,463.0,-6.38,-16.69,0.09,113.67,35.24,2361.0,6.46,True,4.8,6.79,1.05,2019-04-28 00:00:00,2025-10-14 00:00:00,13,13
0464,gt3,L,L,70.13933114547359,-145.90607062996068,13,1.0,429.0,0.12,21.85,0.23,93.89,26.84,2361.0,6.46,True,4.8,6.79,1.05,2019-04-28 00:00:00,2025-10-14 00:00:00,13,13
0464,gt3,R,R,70.13971237616876,-145.9001388920241,12,-27.0,341.0,-4.21,15.9,0.11,103.08,31.97,2361.0,6.46,True,4.8,6.79,1.05,2019-04-28 00:00:00,2025-10-14 00:00:00,12,12
0472,gt1,L,L,70.18113317365301,-146.4018553316251,7,-33.0,190.0,-5.8,-6.93,0.05,73.14,35.05,2089.0,5.72,True,4.8,6.79,1.19,2019-04-29 00:00:00,2025-01-16 00:00:00,7,7
0472,gt1,R,R,70.18104868528955,-146.40038118920447,7,-25.0,197.0,-4.69,-9.61,0.06,69.79,42.39,1907.0,5.22,True,4.8,6.79,1.3,2019-04-29 00:00:00,2024-07-18 00:00:00,7,7
0488,gt1,L,L,68.89804291453169,-164.76106506936074,9,-4.0,17.0,-0.62,0.58,0.06,5.28,2.14,2089.0,5.72,True,4.8,6.79,1.19,2019-04-30 00:00:00,2025-01-17 00:00:00,9,9
0488,gt1,R,R,68.89814977103157,-164.7633701097386,11,19.0,74.0,3.0,3.28,0.06,28.75,9.52,2270.0,6.21,True,4.8,6.79,1.09,2019-04-30 00:00:00,2025-07-17 00:00:00,11,11
0488,gt2,L,L,68.89363881330952,-164.84410743738837,10,-144.0,411.0,-23.25,-2.71,0.0,107.18,38.98,2270.0,6.21,True,4.8,6.79,1.09,2019-04-30 00:00:00,2025-07-17 00:00:00,10,10
0488,gt2,R,R,68.89355712360457,-164.84644148159884,11,-16.0,25.0,-2.62,-2.13,0.34,6.61,2.24,2270.0,6.21,True,4.8,6.79,1.09,2019-04-30 00:00:00,2025-07-17 00:00:00,11,11
0495,gt1,L,L,70.79181760269222,-158.53078596193708,13,-214.0,231.0,-35.92,-14.65,0.23,54.31,17.65,2180.0,5.97,True,4.8,6.79,1.14,2019-01-29 00:00:00,2025-01-17 00:00:00,13,13
0495,gt1,R,R,70.79187838461988,-158.5288018273049,11,-222.0,381.0,-37.18,-11.2,0.04,105.84,39.44,2180.0,5.97,True,4.8,6.79,1.14,2019-01-29 00:00:00,2025-01-17 00:00:00,11,11
0495,gt2,L,L,70.79686089335402,-158.4434723498271,13,14.0,130.0,2.36,4.39,0.07,32.3,10.49,2180.0,5.97,True,4.8,6.79,1.14,2019-01-29 00:00:00,2025-01-17 00:00:00,13,13
0495,gt2,R,R,70.79694206437907,-158.44150965848547,11,-122.0,152.0,-20.41,-7.84,0.13,40.26,15.0,2180.0,5.97,True,4.8,6.79,1.14,2019-01-29 00:00:00,2025-01-17 00:00:00,11,11
0495,gt3,L,L,70.8115304447194,-158.35966482442626,13,-25.0,215.0,-4.36,-7.03,0.05,58.5,19.99,2089.0,5.72,True,4.8,6.79,1.19,2019-04-30 00:00:00,2025-01-17 00:00:00,13,13
0495,gt3,R,R,70.8115282878178,-158.35779906792695,10,202.0,224.0,40.68,24.16,0.22,88.92,37.24,1816.0,4.97,True,4.8,6.79,1.37,2020-01-28 00:00:00,2025-01-17 00:00:00,10,10
0503,gt3,L,L,70.79161682746971,-158.53807030259694,10,-50.0,82.0,-9.11,-4.2,0.11,23.94,9.75,1998.0,5.47,True,4.8,6.79,1.24,2019-05-01 00:00:00,2024-10-19 00:00:00,10,10
0503,gt3,R,R,70.79168988867356,-158.5404652848077,10,80.0,92.0,14.65,6.45,0.2,25.81,10.45,1998.0,5.47,True,4.8,6.79,1.24,2019-05-01 00:00:00,2024-10-19 00:00:00,10,10
0518,gt1,L,L,70.87793710183796,-152.61646865188675,13,10.0,88.0,2.17,0.75,0.0,26.98,9.87,1726.0,4.73,True,4.8,6.79,1.44,2020-01-29 00:00:00,2024-10-20 00:00:00,13,13
0518,gt1,R,R,70.87797260225148,-152.61887829943734,11,9.0,40.0,1.8,1.56,0.06,12.35,4.7,1817.0,4.97,True,4.8,6.79,1.36,2019-10-30 00:00:00,2024-10-20 00:00:00,11,11
0525,gt2,L,L,70.17832043082316,-146.78780852482834,1,,,,,,,,,,False,4.8,,,2021-01-27 00:00:00,2021-01-27 00:00:00,1,1
0525,gt2,R,R,70.17850367369029,-146.78394860919985,11,-33.0,325.0,-5.26,-14.97,0.16,83.79,25.47,2271.0,6.22,True,4.8,6.79,1.09,2019-01-31 00:00:00,2025-04-20 00:00:00,11,11
0053,gt1,L,L,70.78867380333784,-158.7861183981783,10,30.0,55.0,5.09,6.73,0.33,17.24,7.73,2180.0,5.97,True,4.8,6.79,1.14,2019-04-01 00:00:00,2025-03-20 00:00:00,10,10
0053,gt1,R,R,70.78876062248833,-158.7835927935569,13,7.0,49.0,1.17,1.13,0.02,16.71,5.73,2271.0,6.22,True,4.8,6.79,1.09,2019-04-01 00:00:00,2025-06-19 00:00:00,13,13
0053,gt2,L,L,70.7860441959009,-158.69632178709597,8,13.0,76.0,2.24,6.42,0.24,23.77,11.48,2180.0,5.97,True,4.8,6.79,1.14,2019-04-01 00:00:00,2025-03-20 00:00:00,8,8
0053,gt2,R,R,70.78597083915612,-158.69373249316482,11,23.0,82.0,4.24,3.74,0.06,28.5,11.47,1998.0,5.47,True,4.8,6.79,1.24,2019-12-30 00:00:00,2025-06-19 00:00:00,11,11
0053,gt3,L,L,70.78850728681883,-158.60821570479143,8,-87.0,93.0,-14.03,-12.59,0.7,17.48,8.18,2271.0,6.22,True,4.8,6.79,1.09,2019-04-01 00:00:00,2025-06-19 00:00:00,8,8
0053,gt3,R,R,70.78855036677739,-158.60568969757375,10,-33.0,70.0,-6.05,-5.39,0.21,20.73,8.5,1998.0,5.47,True,4.8,6.79,1.24,2019-12-30 00:00:00,2025-06-19 00:00:00,10,10
0533,gt3,L,L,70.18575233899534,-147.34797826571875,10,31.0,159.0,5.62,-3.8,0.03,46.74,18.84,1998.0,5.47,True,4.8,6.79,1.24,2019-05-03 00:00:00,2024-10-21 00:00:00,10,10
0533,gt3,R,R,70.18587282216127,-147.3502750216846,11,2.0,279.0,0.37,2.95,0.01,85.2,29.91,2179.0,5.97,True,4.8,6.79,1.14,2019-05-03 00:00:00,2025-04-20 00:00:00,11,11
0541,gt1,L,L,68.923640262185,-164.3374166350229,10,84.0,126.0,16.81,5.0,0.07,31.82,14.64,1817.0,4.97,True,4.8,6.79,1.36,2019-02-01 00:00:00,2024-01-23 00:00:00,10,10
0541,gt1,R,R,68.92375483067717,-164.3349456308283,8,53.0,54.0,10.56,7.17,0.43,14.65,8.26,1817.0,4.97,True,4.8,6.79,1.36,2019-02-01 00:00:00,2024-01-23 00:00:00,8,8
0541,gt2,L,L,68.929809578476,-164.2586759660807,8,126.0,135.0,22.05,15.08,0.35,39.66,20.7,2089.0,5.72,True,4.8,6.79,1.19,2019-02-01 00:00:00,2024-10-21 00:00:00,8,8
0541,gt2,R,R,68.9299064899686,-164.25620143902924,7,160.0,185.0,40.23,30.77,0.55,45.55,32.24,1453.0,3.98,True,4.8,6.79,1.71,2019-02-01 00:00:00,2023-01-24 00:00:00,7,7
0564,gt1,L,L,70.82138323435959,-159.12632746526475,13,-132.0,330.0,-22.18,-12.11,0.06,95.11,32.26,2180.0,5.97,True,4.8,6.79,1.14,2019-11-02 00:00:00,2025-10-21 00:00:00,13,13
0564,gt1,R,R,70.82146199587035,-159.12846001091282,14,-182.0,253.0,-30.57,-6.0,0.02,83.74,26.5,2180.0,5.97,True,4.8,6.79,1.14,2019-11-02 00:00:00,2025-10-21 00:00:00,14,14
0579,gt1,L,L,70.89257507627865,-153.38949061311897,12,-28.0,142.0,-5.61,-6.77,0.14,30.73,11.69,1816.0,4.97,True,4.8,6.79,1.37,2019-08-05 00:00:00,2024-07-25 00:00:00,12,12
0579,gt1,R,R,70.89261852156022,-153.3918829607737,10,64.0,238.0,12.79,-10.69,0.08,75.68,30.53,1816.0,4.97,True,4.8,6.79,1.37,2019-08-05 00:00:00,2024-07-25 00:00:00,10,10
0586,gt2,L,L,70.20076876526764,-147.57348413250517,12,-65.0,411.0,-11.37,5.64,0.01,132.42,45.61,2089.0,5.72,True,4.8,6.79,1.19,2019-02-04 00:00:00,2024-10-24 00:00:00,12,12
0586,gt2,R,R,70.20087668068425,-147.57062093415172,12,-304.0,447.0,-47.01,-3.04,0.0,143.41,47.3,2362.0,6.47,True,4.8,6.79,1.05,2019-02-04 00:00:00,2025-07-24 00:00:00,12,12
0586,gt3,L,L,70.19818940329031,-147.48602239495366,12,133.0,221.0,23.31,10.08,0.09,66.07,23.08,2089.0,5.72,True,4.8,6.79,1.19,2019-02-04 00:00:00,2024-10-24 00:00:00,12,12
0586,gt3,R,R,70.19827439933347,-147.48322851881892,13,120.0,155.0,21.01,8.11,0.09,48.61,17.15,2089.0,5.72,True,4.8,6.79,1.19,2019-02-04 00:00:00,2024-10-24 00:00:00,13,13
0061,gt1,L,L,70.78771131682834,-158.62083375269978,8,-11.0,107.0,-1.56,0.6,0.0,38.49,16.4,2452.0,6.71,True,4.8,6.79,1.01,2019-04-02 00:00:00,2025-12-18 00:00:00,8,8
0061,gt1,R,R,70.78773469729053,-158.62326255747047,11,-11.0,114.0,-1.66,0.9,0.0,29.1,9.74,2452.0,6.71,True,4.8,6.79,1.01,2019-04-02 00:00:00,2025-12-18 00:00:00,11,11
0061,gt2,L,L,70.78674844806125,-158.71030406679384,8,-13.0,27.0,-1.94,-3.5,0.6,6.81,2.84,2452.0,6.71,True,4.8,6.79,1.01,2019-04-02 00:00:00,2025-12-18 00:00:00,8,8
0061,gt2,R,R,70.7867904288779,-158.71280521756057,10,-12.0,31.0,-1.78,0.19,0.0,10.61,3.65,2452.0,6.71,True,4.8,6.79,1.01,2019-04-02 00:00:00,2025-12-18 00:00:00,10,10
0061,gt3,L,L,70.78903848506337,-158.7985940400609,11,-10.0,302.0,-1.49,11.98,0.09,88.0,28.19,2452.0,6.71,True,4.8,6.79,1.01,2019-04-02 00:00:00,2025-12-18 00:00:00,11,11
0061,gt3,R,R,70.78929566218831,-158.80091570138885,12,-9.0,87.0,-1.36,0.43,0.0,24.18,7.43,2452.0,6.71,True,4.8,6.79,1.01,2019-04-02 00:00:00,2025-12-18 00:00:00,12,12
0632,gt3,L,L,70.76894498046785,-154.18568892521898,13,13.0,291.0,2.34,-18.64,0.17,85.65,27.13,2088.0,5.72,True,4.8,6.79,1.19,2020-02-06 00:00:00,2025-10-25 00:00:00,13,13
0632,gt3,R,R,70.76902537160701,-154.18359798585473,15,-2.0,359.0,-0.33,-6.85,0.03,77.42,23.31,2088.0,5.72,True,4.8,6.79,1.19,2020-02-06 00:00:00,2025-10-25 00:00:00,15,15
0640,gt1,L,L,70.77301640291716,-154.21394036343446,10,4.0,73.0,0.79,-5.22,0.19,22.24,8.83,1908.0,5.22,True,4.8,6.79,1.3,2019-11-07 00:00:00,2025-01-27 00:00:00,10,10
0640,gt1,R,R,70.77310191183238,-154.2164773458855,12,22.0,348.0,4.08,-10.58,0.06,86.82,28.34,1998.0,5.47,True,4.8,6.79,1.24,2019-11-07 00:00:00,2025-04-27 00:00:00,12,12
0647,gt1,L,L,70.32321320046053,-148.48185419039456,6,40.0,379.0,8.88,23.62,0.07,163.14,124.16,1635.0,4.48,True,4.8,6.79,1.52,2020-11-05 00:00:00,2025-04-28 00:00:00,6,6
0647,gt1,R,R,70.32323965693303,-148.47951384331657,5,4.0,389.0,0.87,27.36,0.09,185.33,161.87,1635.0,4.48,True,4.8,6.79,1.52,2020-11-05 00:00:00,2025-04-28 00:00:00,5,5
0647,gt2,L,L,70.30240403843268,-148.38690947664654,9,15.0,194.0,2.94,-5.44,0.03,64.39,29.4,1817.0,4.97,True,4.8,6.79,1.36,2020-08-06 00:00:00,2025-07-28 00:00:00,9,9
0647,gt2,R,R,70.30252687830026,-148.38389435156148,10,-67.0,119.0,-12.3,1.87,0.01,44.44,18.11,1998.0,5.47,True,4.8,6.79,1.24,2020-02-07 00:00:00,2025-07-28 00:00:00,10,10
0647,gt3,L,L,70.3147429123265,-148.30467644640942,6,-305.0,366.0,-64.57,-2.77,0.0,169.52,102.16,1726.0,4.73,True,4.8,6.79,1.44,2020-11-05 00:00:00,2025-07-28 00:00:00,6,6
0647,gt3,R,R,70.31499845191101,-148.30234660276133,7,-47.0,186.0,-10.01,12.55,0.15,61.15,34.11,1726.0,4.73,True,4.8,6.79,1.44,2020-11-05 00:00:00,2025-07-28 00:00:00,7,7
0655,gt1,L,L,70.40554010188302,-148.64870624668123,11,53.0,298.0,8.93,-0.25,0.0,111.06,40.11,2180.0,5.97,True,4.8,6.79,1.14,2019-08-09 00:00:00,2025-07-28 00:00:00,11,11
0655,gt1,R,R,70.40562203593372,-148.6510701859741,1,,,,,,,,,,False,4.8,,,2020-05-08 00:00:00,2020-05-08 00:00:00,1,1
0655,gt2,L,L,70.41050800633766,-148.7342126082291,10,462.0,491.0,84.39,23.38,0.04,205.26,91.49,1999.0,5.47,True,4.8,6.79,1.24,2019-08-09 00:00:00,2025-01-28 00:00:00,10,10
0655,gt2,R,R,70.4105817340606,-148.73661144721467,1,,,,,,,,,,False,4.8,,,2020-05-08 00:00:00,2020-05-08 00:00:00,1,1
0662,gt1,L,L,70.01879358205076,-142.65944118547645,11,3.0,287.0,0.5,23.81,0.33,69.93,25.54,2089.0,5.72,True,4.8,6.79,1.19,2019-08-10 00:00:00,2025-04-29 00:00:00,11,11
0662,gt1,R,R,70.01889966319872,-142.65648067203384,12,39.0,348.0,7.21,14.41,0.08,99.66,35.64,1998.0,5.47,True,4.8,6.79,1.24,2019-11-09 00:00:00,2025-04-29 00:00:00,12,12
0670,gt1,L,L,70.07836265041313,-143.06192845727472,8,6.0,19.0,1.29,-0.98,0.09,6.21,3.04,1817.0,4.97,True,4.8,6.79,1.36,2019-11-09 00:00:00,2024-10-30 00:00:00,8,8
0670,gt1,R,R,70.07860273350106,-143.06404201500564,9,12.0,77.0,2.32,2.43,0.03,26.88,12.69,1817.0,4.97,True,4.8,6.79,1.36,2019-11-09 00:00:00,2024-10-30 00:00:00,9,9
0670,gt2,L,L,70.08932467959993,-143.14404506231082,6,29.0,88.0,5.82,2.93,0.03,33.62,21.96,1817.0,4.97,True,4.8,6.79,1.36,2019-11-09 00:00:00,2024-10-30 00:00:00,6,6
0670,gt2,R,R,70.08940947342491,-143.1462512827591,10,19.0,291.0,3.87,-16.05,0.09,88.96,40.49,1817.0,4.97,True,4.8,6.79,1.36,2019-11-09 00:00:00,2024-10-30 00:00:00,10,10
0678,gt1,L,L,70.38639359650743,-160.70580707139226,7,-48.0,214.0,-8.43,-16.54,0.22,67.72,35.99,2088.0,5.72,True,4.8,6.79,1.19,2020-02-09 00:00:00,2025-10-28 00:00:00,7,7
0678,gt1,R,R,70.38650764624968,-160.70342564952816,9,-9.0,297.0,-1.64,-16.65,0.21,72.67,28.6,2088.0,5.72,True,4.8,6.79,1.19,2020-02-09 00:00:00,2025-10-28 00:00:00,9,9
0686,gt1,L,L,70.33691420735295,-160.8712872475004,6,-7.0,34.0,-1.25,1.18,0.05,13.16,6.95,2089.0,5.72,True,4.8,6.79,1.19,2020-02-09 00:00:00,2025-10-29 00:00:00,6,6
0686,gt1,R,R,70.33697228783136,-160.87363736937814,7,18.0,36.0,3.12,5.17,0.69,8.78,3.95,2089.0,5.72,True,4.8,6.79,1.19,2020-02-09 00:00:00,2025-10-29 00:00:00,7,7
0686,gt2,L,L,70.32221875569559,-160.96389309348322,5,7.0,14.0,1.14,1.83,0.64,4.15,2.51,2089.0,5.72,True,4.8,6.79,1.19,2020-02-09 00:00:00,2025-10-29 00:00:00,5,5
0686,gt2,R,R,70.32232780611758,-160.96616871452505,5,0.0,12.0,-0.05,-0.31,0.02,6.36,3.85,2089.0,5.72,True,4.8,6.79,1.19,2020-02-09 00:00:00,2025-10-29 00:00:00,5,5
0686,gt3,L,L,70.31159111417907,-161.0548020581685,5,-12.0,32.0,-2.03,-2.03,0.2,12.48,7.56,2089.0,5.72,True,4.8,6.79,1.19,2020-02-09 00:00:00,2025-10-29 00:00:00,5,5
0686,gt3,R,R,70.31180339582673,-161.0570803279952,5,-4.0,39.0,-0.63,-2.16,0.14,16.05,9.72,2089.0,5.72,True,4.8,6.79,1.19,2020-02-09 00:00:00,2025-10-29 00:00:00,5,5
0708,gt1,L,L,70.49379005276685,-149.32543502907748,10,518.0,591.0,94.75,31.68,0.12,174.18,68.87,1998.0,5.47,True,4.8,6.79,1.24,2019-11-12 00:00:00,2025-05-02 00:00:00,10,10
0708,gt1,R,R,70.49384878041533,-149.32286998836722,10,463.0,511.0,80.9,46.69,0.23,197.14,69.32,2089.0,5.72,True,4.8,6.79,1.19,2019-11-12 00:00:00,2025-08-01 00:00:00,10,10
0708,gt2,L,L,70.48767482943062,-149.2351636896237,11,92.0,287.0,16.03,5.47,0.02,93.09,31.66,2089.0,5.72,True,4.8,6.79,1.19,2019-11-12 00:00:00,2025-08-01 00:00:00,11,11
0708,gt2,R,R,70.4877096769904,-149.23263220407938,11,210.0,262.0,36.72,14.7,0.19,67.0,22.78,2089.0,5.72,True,4.8,6.79,1.19,2019-11-12 00:00:00,2025-08-01 00:00:00,11,11
0708,gt3,L,L,70.47163287676399,-149.1418370984473,10,-33.0,275.0,-5.23,0.94,0.0,87.19,32.52,2271.0,6.22,True,4.8,6.79,1.09,2019-05-14 00:00:00,2025-08-01 00:00:00,10,10
0708,gt3,R,R,70.4716788168116,-149.1393202195535,11,142.0,399.0,24.9,19.25,0.17,95.58,32.5,2089.0,5.72,True,4.8,6.79,1.19,2019-11-12 00:00:00,2025-08-01 00:00:00,11,11
0716,gt1,L,L,70.48740002921778,-149.39571364845452,15,-109.0,160.0,-17.52,-4.63,0.03,52.32,16.21,2270.0,6.21,True,4.8,6.79,1.09,2019-05-15 00:00:00,2025-08-01 00:00:00,15,15
0716,gt1,R,R,70.48753457730751,-149.3979849157728,12,-35.0,57.0,-6.45,-4.73,0.27,15.1,5.49,1998.0,5.47,True,4.8,6.79,1.24,2020-02-11 00:00:00,2025-08-01 00:00:00,12,12
0716,gt2,L,L,70.51316530826269,-149.473644481143,14,-54.0,62.0,-8.62,-4.74,0.3,14.1,4.6,2270.0,6.21,True,4.8,6.79,1.09,2019-05-15 00:00:00,2025-08-01 00:00:00,14,14
0716,gt2,R,R,70.51332076257451,-149.476033879767,14,1.0,55.0,0.15,-2.33,0.05,21.79,6.65,2270.0,6.21,True,4.8,6.79,1.09,2019-05-15 00:00:00,2025-08-01 00:00:00,14,14
0723,gt1,L,L,70.08740162561955,-143.45931232986663,10,28.0,63.0,4.68,1.66,0.02,23.72,8.62,2180.0,5.97,True,4.8,6.79,1.14,2019-05-15 00:00:00,2025-05-03 00:00:00,10,10
0723,gt1,R,R,70.08747564368726,-143.45695764645797,12,-3.0,83.0,-0.43,0.36,0.0,20.04,6.6,2271.0,6.22,True,4.8,6.79,1.09,2019-05-15 00:00:00,2025-08-02 00:00:00,12,12
0723,gt2,L,L,70.0908959620614,-143.3750777137608,11,-1.0,257.0,-0.22,10.25,0.09,75.2,24.12,2271.0,6.22,True,4.8,6.79,1.09,2019-05-15 00:00:00,2025-08-02 00:00:00,11,11
0723,gt2,R,R,70.0909164796391,-143.37235513834955,13,8.0,120.0,1.23,5.89,0.09,40.57,12.51,2271.0,6.22,True,4.8,6.79,1.09,2019-05-15 00:00:00,2025-08-02 00:00:00,13,13
0731,gt2,L,L,70.06886155728418,-143.93127025030216,13,-13.0,74.0,-2.03,-1.87,0.03,19.54,6.66,2270.0,6.21,True,4.8,6.79,1.09,2019-05-16 00:00:00,2025-08-02 00:00:00,13,13
0731,gt2,R,R,70.06898312205757,-143.9336274564487,14,-50.0,50.0,-8.09,-2.14,0.11,13.27,3.92,2270.0,6.21,True,4.8,6.79,1.09,2019-05-16 00:00:00,2025-08-02 00:00:00,14,14
0739,gt2,L,L,70.24674143427515,-161.35263018123115,7,-260.0,322.0,-40.2,-5.53,0.01,128.81,59.39,2362.0,6.47,True,4.8,6.79,1.05,2019-02-14 00:00:00,2025-08-03 00:00:00,7,7
0739,gt2,R,R,70.24687886324192,-161.34872743687563,7,-226.0,226.0,-34.99,-18.74,0.28,72.1,34.95,2362.0,6.47,True,4.8,6.79,1.05,2019-02-14 00:00:00,2025-08-03 00:00:00,7,7
0739,gt3,L,L,70.25962271286105,-161.26950010744457,7,4.0,222.0,0.62,4.64,0.01,103.17,51.71,2089.0,5.72,True,4.8,6.79,1.19,2019-11-14 00:00:00,2025-08-03 00:00:00,7,7
0739,gt3,R,R,70.25971197574076,-161.26667300505835,8,60.0,397.0,9.34,-6.19,0.01,130.73,55.37,2362.0,6.47,True,4.8,6.79,1.05,2019-02-14 00:00:00,2025-08-03 00:00:00,8,8
0747,gt1,L,L,70.2609893202807,-161.6784954564126,9,8.0,184.0,1.71,-8.74,0.07,51.67,28.08,1725.0,4.72,True,4.8,6.79,1.44,2019-05-17 00:00:00,2024-02-05 00:00:00,9,9
0747,gt1,R,R,70.26111493570319,-161.68075750224492,11,15.0,156.0,2.5,-4.0,0.04,45.23,15.58,2179.0,5.97,True,4.8,6.79,1.14,2019-08-16 00:00:00,2025-08-03 00:00:00,11,11
0754,gt1,L,L,71.24737500189413,-156.1199981722162,4,77.0,563.0,13.55,23.28,0.06,298.9,280.1,2089.0,5.72,True,4.8,6.79,1.19,2019-08-16 00:00:00,2025-05-05 00:00:00,4,4
0754,gt1,R,R,71.24704945640394,-156.1274818080485,3,-151.0,151.0,-28.91,-25.44,0.83,44.26,145.8,1907.0,5.22,True,4.8,6.79,1.3,2019-08-16 00:00:00,2024-11-04 00:00:00,3,3
0754,gt3,L,L,71.19910378244717,-155.91622003622876,9,251.0,291.0,45.96,36.98,0.42,85.97,38.94,1998.0,5.47,True,4.8,6.79,1.24,2019-08-16 00:00:00,2025-02-03 00:00:00,9,9
0754,gt3,R,R,71.19917330564917,-155.91394081385852,7,-44.0,260.0,-7.96,-25.43,0.33,87.14,41.67,1998.0,5.47,True,4.8,6.79,1.24,2019-08-16 00:00:00,2025-02-03 00:00:00,7,7
0762,gt1,L,L,71.17124964843529,-155.61275364810308,4,-79.0,92.0,-16.78,-16.63,0.69,27.75,33.88,1726.0,4.73,True,4.8,6.79,1.44,2020-02-14 00:00:00,2024-11-05 00:00:00,4,4
0762,gt1,R,R,71.17131956704512,-155.61516576787648,4,-255.0,267.0,-128.13,-121.2,0.69,83.96,245.61,727.0,1.99,True,4.8,6.79,3.41,2020-02-14 00:00:00,2022-02-10 00:00:00,4,4
0762,gt2,L,L,71.1785595808586,-155.70065018994308,3,-21.0,24.0,-4.48,-5.01,0.91,5.64,20.33,1726.0,4.73,True,4.8,6.79,1.44,2020-02-14 00:00:00,2024-11-05 00:00:00,3,3
0762,gt2,R,R,71.17866984059145,-155.70309085374302,3,-9.0,13.0,-1.91,-2.33,0.77,4.5,16.24,1726.0,4.73,True,4.8,6.79,1.44,2020-02-14 00:00:00,2024-11-05 00:00:00,3,3
0769,gt1,L,L,70.43638095492425,-150.08245672418818,5,-35.0,74.0,-6.77,-5.54,0.2,29.39,20.47,1907.0,5.22,True,4.8,6.79,1.3,2020-02-15 00:00:00,2025-05-06 00:00:00,5,5
0769,gt1,R,R,70.43637087395645,-150.07956205601857,5,-179.0,238.0,-32.79,-25.9,0.58,65.69,40.15,1998.0,5.47,True,4.8,6.79,1.24,2019-11-16 00:00:00,2025-05-06 00:00:00,5,5
0769,gt2,L,L,70.46292750589785,-150.0038798834485,7,192.0,335.0,33.49,-0.76,0.0,111.71,50.3,2089.0,5.72,True,4.8,6.79,1.19,2019-08-17 00:00:00,2025-05-06 00:00:00,7,7
0769,gt2,R,R,70.46328052003149,-150.00115789312974,5,-188.0,235.0,-34.45,-16.89,0.24,90.8,55.5,1998.0,5.47,True,4.8,6.79,1.24,2019-11-16 00:00:00,2025-05-06 00:00:00,5,5
0769,gt3,L,L,70.48941286383523,-149.92590684652723,6,-195.0,263.0,-35.58,-21.64,0.27,93.14,49.66,1998.0,5.47,True,4.8,6.79,1.24,2019-11-16 00:00:00,2025-05-06 00:00:00,6,6
0769,gt3,R,R,70.48945668736322,-149.92331651835713,7,-183.0,381.0,-33.38,-33.77,0.37,103.54,50.4,1998.0,5.47,True,4.8,6.79,1.24,2019-11-16 00:00:00,2025-05-06 00:00:00,7,7
0777,gt1,L,L,70.4338209059422,-150.19133149580662,9,69.0,382.0,13.81,-7.39,0.01,132.71,66.15,1816.0,4.97,True,4.8,6.79,1.37,2020-02-15 00:00:00,2025-02-04 00:00:00,9,9
0777,gt1,R,R,70.43389008001222,-150.19217969114024,9,-76.0,367.0,-14.48,7.65,0.01,124.84,60.9,1907.0,5.22,True,4.8,6.79,1.3,2020-02-15 00:00:00,2025-05-06 00:00:00,9,9
0792,gt1,L,L,69.96520894516003,-144.66210812647853,9,-1.0,9.0,-0.1,-0.31,0.04,3.08,1.41,2089.0,5.72,True,4.8,6.79,1.19,2020-02-16 00:00:00,2025-11-05 00:00:00,9,9
0792,gt1,R,R,69.96532379095116,-144.66438404778847,10,-15.0,16.0,-2.56,-1.78,0.45,3.78,1.62,2089.0,5.72,True,4.8,6.79,1.19,2020-02-16 00:00:00,2025-11-05 00:00:00,10,10
0792,gt2,L,L,69.97043890067616,-144.74559414147217,10,13.0,27.0,2.35,1.45,0.1,8.67,3.58,2089.0,5.72,True,4.8,6.79,1.19,2020-02-16 00:00:00,2025-11-05 00:00:00,10,10
0792,gt2,R,R,69.97048514883454,-144.74788862284075,12,9.0,19.0,1.61,0.18,0.0,5.56,2.01,2089.0,5.72,True,4.8,6.79,1.19,2020-02-16 00:00:00,2025-11-05 00:00:00,12,12
0823,gt1,L,L,71.26119203187064,-156.36096809273388,7,15.0,22.0,4.39,3.51,0.25,8.59,7.08,1271.0,3.48,True,4.8,6.79,1.95,2020-08-18 00:00:00,2024-02-10 00:00:00,7,7
0823,gt1,R,R,71.26106805568071,-156.35717767053794,8,0.0,19.0,-0.0,-1.4,0.11,6.09,3.88,1544.0,4.23,True,4.8,6.79,1.61,2019-11-19 00:00:00,2024-02-10 00:00:00,8,8
0083,gt2,L,L,70.15274519228326,-147.03399619335156,10,-62.0,86.0,-11.89,-6.41,0.22,22.3,9.72,1907.0,5.22,True,4.8,6.79,1.3,2019-04-03 00:00:00,2024-06-22 00:00:00,10,10
0083,gt2,R,R,70.15288415811223,-147.03120068885713,13,-47.0,283.0,-7.58,-13.52,0.15,70.61,21.66,2271.0,6.22,True,4.8,6.79,1.09,2019-04-03 00:00:00,2025-06-21 00:00:00,13,13
0083,gt3,L,L,70.15636560732577,-146.94913775696145,1,,,,,,,,,,False,4.8,,,2020-09-29 00:00:00,2020-09-29 00:00:00,1,1
0083,gt3,R,R,70.15655949383427,-146.94596686368325,12,-69.0,301.0,-11.08,-4.0,0.01,89.54,29.76,2271.0,6.22,True,4.8,6.79,1.09,2019-04-03 00:00:00,2025-06-21 00:00:00,12,12
0845,gt1,L,L,69.96668056725522,-144.97744191728947,4,-10.0,154.0,-2.29,-4.6,0.02,76.66,104.58,1544.0,4.23,True,4.8,6.79,1.61,2020-11-18 00:00:00,2025-02-09 00:00:00,4,4
0845,gt1,R,R,69.96679605846107,-144.9745642136877,4,320.0,401.0,85.7,60.98,0.3,190.52,280.66,1362.0,3.73,True,4.8,6.79,1.82,2021-05-19 00:00:00,2025-02-09 00:00:00,4,4
0845,gt2,L,L,69.96552923739164,-144.8916920361304,8,308.0,412.0,51.61,28.02,0.21,114.99,54.53,2180.0,5.97,True,4.8,6.79,1.14,2019-02-21 00:00:00,2025-02-09 00:00:00,8,8
0845,gt2,R,R,69.96570935298836,-144.8893604627926,9,366.0,451.0,61.39,29.95,0.21,122.31,51.77,2180.0,5.97,True,4.8,6.79,1.14,2019-02-21 00:00:00,2025-02-09 00:00:00,9,9
0853,gt1,L,L,70.03067467789938,-145.4162840589624,8,-5.0,27.0,-0.85,-0.91,0.04,8.97,4.49,2088.0,5.72,True,4.8,6.79,1.19,2019-05-24 00:00:00,2025-02-09 00:00:00,8,8
0853,gt1,R,R,70.03073055766482,-145.41857214477963,9,19.0,35.0,3.37,2.2,0.17,9.19,4.39,2088.0,5.72,True,4.8,6.79,1.19,2019-05-24 00:00:00,2025-02-09 00:00:00,9,9
0853,gt2,L,L,70.05773792244146,-145.49212538159355,8,54.0,57.0,9.46,7.7,0.58,13.17,6.6,2088.0,5.72,True,4.8,6.79,1.19,2019-05-24 00:00:00,2025-02-09 00:00:00,8,8
0853,gt2,R,R,70.05779276642772,-145.49439607565864,7,12.0,79.0,2.91,6.84,0.17,27.1,17.65,1543.0,4.22,True,4.8,6.79,1.61,2020-11-19 00:00:00,2025-02-09 00:00:00,7,7
0853,gt3,L,L,70.05938321715041,-145.57738482548885,9,7.0,43.0,1.25,3.76,0.24,12.88,5.97,2088.0,5.72,True,4.8,6.79,1.19,2019-05-24 00:00:00,2025-02-09 00:00:00,9,9
0853,gt3,R,R,70.05944503809357,-145.57970925845834,9,-50.0,110.0,-8.81,-6.55,0.14,30.94,14.79,2088.0,5.72,True,4.8,6.79,1.19,2019-05-24 00:00:00,2025-02-09 00:00:00,9,9
0861,gt2,L,L,69.85551525348035,-162.76283975651833,10,-25.0,38.0,-4.36,-2.61,0.19,10.14,4.43,2089.0,5.72,True,4.8,6.79,1.19,2019-05-24 00:00:00,2025-02-10 00:00:00,10,10
0861,gt2,R,R,69.8555746740132,-162.76092096351704,10,-22.0,77.0,-4.38,1.41,0.01,28.97,14.61,1816.0,4.97,True,4.8,6.79,1.37,2020-02-21 00:00:00,2025-02-10 00:00:00,10,10
0861,gt3,L,L,69.88378195703457,-162.68850269527763,8,15.0,23.0,3.64,4.34,0.59,5.74,3.65,1544.0,4.23,True,4.8,6.79,1.61,2020-11-19 00:00:00,2025-02-10 00:00:00,8,8
0861,gt3,R,R,69.8838192207398,-162.68613651691734,10,-4.0,43.0,-0.71,-2.23,0.07,13.21,6.66,1816.0,4.97,True,4.8,6.79,1.37,2020-02-21 00:00:00,2025-02-10 00:00:00,10,10
0869,gt1,L,L,69.08542645541655,-163.6590567121396,12,24.0,65.0,3.72,3.35,0.21,14.87,4.51,2361.0,6.46,True,4.8,6.79,1.05,2019-05-25 00:00:00,2025-11-10 00:00:00,12,12
0869,gt1,R,R,69.08548158028677,-163.6611894175403,16,102.0,182.0,15.78,12.29,0.34,37.93,9.79,2361.0,6.46,True,4.8,6.79,1.05,2019-05-25 00:00:00,2025-11-10 00:00:00,16,16
0869,gt2,L,L,69.0569534480465,-163.7507455278222,13,7.0,28.0,1.09,-0.47,0.02,7.76,2.27,2361.0,6.46,True,4.8,6.79,1.05,2019-05-25 00:00:00,2025-11-10 00:00:00,13,13
0869,gt2,R,R,69.05706310409361,-163.7529493467621,13,22.0,87.0,3.46,3.45,0.12,20.51,6.12,2361.0,6.46,True,4.8,6.79,1.05,2019-05-25 00:00:00,2025-11-10 00:00:00,13,13
0869,gt3,L,L,69.0329324574978,-163.84073602500632,10,-15.0,52.0,-2.25,-4.71,0.42,13.37,4.51,2361.0,6.46,True,4.8,6.79,1.05,2019-05-25 00:00:00,2025-11-10 00:00:00,10,10
0869,gt3,R,R,69.03298490945248,-163.84300161968272,14,-22.0,159.0,-3.47,-5.78,0.13,33.62,9.35,2361.0,6.46,True,4.8,6.79,1.05,2019-05-25 00:00:00,2025-11-10 00:00:00,14,14
0876,gt1,L,L,70.93701668262293,-157.5467024051145,10,-1.0,135.0,-0.25,-3.47,0.02,46.89,22.62,1726.0,4.73,True,4.8,6.79,1.44,2020-05-22 00:00:00,2025-02-11 00:00:00,10,10
0876,gt1,R,R,70.93707286217914,-157.54437458837663,8,-5.0,130.0,-1.11,-12.03,0.2,39.69,24.04,1544.0,4.23,True,4.8,6.79,1.61,2020-11-20 00:00:00,2025-02-11 00:00:00,8,8
0876,gt2,L,L,70.95993438928164,-157.467488173743,10,13.0,162.0,2.85,-5.48,0.04,45.21,21.81,1726.0,4.73,True,4.8,6.79,1.44,2020-05-22 00:00:00,2025-02-11 00:00:00,10,10
0876,gt2,R,R,70.96003381148014,-157.46430656888742,9,324.0,370.0,72.4,11.5,0.02,138.88,70.98,1635.0,4.48,True,4.8,6.79,1.52,2020-08-21 00:00:00,2025-02-11 00:00:00,9,9
0876,gt3,L,L,70.98941436072548,-157.3922904010734,9,37.0,145.0,7.77,1.77,0.01,41.79,21.24,1726.0,4.73,True,4.8,6.79,1.44,2020-05-22 00:00:00,2025-02-11 00:00:00,9,9
0876,gt3,R,R,70.98951610992346,-157.3896471643356,9,44.0,142.0,10.44,2.34,0.01,41.52,23.79,1544.0,4.23,True,4.8,6.79,1.61,2020-11-20 00:00:00,2025-02-11 00:00:00,9,9
0884,gt1,L,L,71.06834195063243,-157.21145480607657,10,-14.0,108.0,-2.46,0.21,0.0,30.95,11.58,2089.0,5.72,True,4.8,6.79,1.19,2020-02-22 00:00:00,2025-11-11 00:00:00,10,10
0884,gt1,R,R,71.06843010401138,-157.2138075464664,9,49.0,121.0,8.55,8.85,0.2,38.97,15.92,2089.0,5.72,True,4.8,6.79,1.19,2020-02-22 00:00:00,2025-11-11 00:00:00,9,9
0884,gt2,L,L,71.01504646751346,-157.3228640915789,10,-19.0,392.0,-3.84,14.62,0.04,120.82,55.24,1817.0,4.97,True,4.8,6.79,1.36,2020-02-22 00:00:00,2025-02-12 00:00:00,10,10
0884,gt2,R,R,71.0153093079627,-157.3252415306824,8,24.0,35.0,4.91,3.7,0.28,10.95,5.93,1817.0,4.97,True,4.8,6.79,1.36,2020-02-22 00:00:00,2025-02-12 00:00:00,8,8
0884,gt3,L,L,70.97219360387291,-157.42969973695938,9,-24.0,51.0,-4.88,-1.93,0.03,18.75,9.28,1817.0,4.97,True,4.8,6.79,1.36,2020-02-22 00:00:00,2025-02-12 00:00:00,9,9
0884,gt3,R,R,70.9722625053156,-157.43214056824166,9,-44.0,60.0,-8.82,-4.39,0.17,17.23,8.53,1817.0,4.97,True,4.8,6.79,1.36,2020-02-22 00:00:00,2025-02-12 00:00:00,9,9
0891,gt1,L,L,70.43279667304796,-151.6433852602986,8,-19.0,45.0,-3.8,-3.15,0.12,15.0,8.53,1816.0,4.97,True,4.8,6.79,1.37,2020-02-23 00:00:00,2025-02-12 00:00:00,8,8
0891,gt1,R,R,70.43285828348031,-151.64179063148077,9,-384.0,489.0,-57.23,-25.45,0.19,133.92,46.64,2452.0,6.71,True,4.8,6.79,1.01,2019-02-24 00:00:00,2025-11-11 00:00:00,9,9
0891,gt2,L,L,70.43608597556144,-151.55744953184362,6,-223.0,279.0,-44.88,-44.26,0.52,88.69,59.07,1816.0,4.97,True,4.8,6.79,1.37,2020-02-23 00:00:00,2025-02-12 00:00:00,6,6
0891,gt2,R,R,70.43608543851214,-151.55592087481574,6,309.0,450.0,62.05,35.09,0.13,190.5,126.88,1816.0,4.97,True,4.8,6.79,1.37,2020-02-23 00:00:00,2025-02-12 00:00:00,6,6
0899,gt1,L,L,70.55415282125375,-151.70548238957105,10,-380.0,394.0,-80.54,-33.3,0.17,127.01,60.09,1725.0,4.72,True,4.8,6.79,1.44,2020-05-24 00:00:00,2025-02-12 00:00:00,10,10
0899,gt1,R,R,70.55423824916504,-151.70778174285743,10,-259.0,286.0,-52.05,-23.44,0.26,76.73,32.22,1816.0,4.97,True,4.8,6.79,1.37,2020-05-24 00:00:00,2025-05-14 00:00:00,10,10
0899,gt2,L,L,70.5490316438153,-151.79534626231316,9,-2.0,258.0,-0.33,9.18,0.04,87.33,42.78,1725.0,4.72,True,4.8,6.79,1.44,2020-05-24 00:00:00,2025-02-12 00:00:00,9,9
0899,gt2,R,R,70.54913526337255,-151.79774565965988,10,-13.0,25.0,-2.54,-1.17,0.08,7.94,3.33,1816.0,4.97,True,4.8,6.79,1.37,2020-05-24 00:00:00,2025-05-14 00:00:00,10,10
0906,gt1,L,L,70.14709026546574,-145.82241907371176,10,-58.0,115.0,-11.73,8.37,0.13,40.55,17.95,1816.0,4.97,True,4.8,6.79,1.37,2020-02-24 00:00:00,2025-02-13 00:00:00,10,10
0906,gt1,R,R,70.14720911876285,-145.82032508693993,9,21.0,65.0,4.32,4.08,0.1,22.03,10.92,1816.0,4.97,True,4.8,6.79,1.37,2020-02-24 00:00:00,2025-02-13 00:00:00,9,9
0906,gt2,L,L,70.11503333969286,-145.724443969539,11,242.0,341.0,48.64,19.55,0.15,81.21,35.11,1816.0,4.97,True,4.8,6.79,1.37,2020-02-24 00:00:00,2025-02-13 00:00:00,11,11
0906,gt2,R,R,70.11518329147508,-145.72195009523733,9,193.0,213.0,38.79,13.08,0.12,66.56,31.39,1816.0,4.97,True,4.8,6.79,1.37,2020-02-24 00:00:00,2025-02-13 00:00:00,9,9
0906,gt3,L,L,70.08494158484922,-145.62673856446148,14,46.0,135.0,9.17,-0.42,0.0,40.94,14.04,1816.0,4.97,True,4.8,6.79,1.37,2020-02-24 00:00:00,2025-02-13 00:00:00,14,14
0906,gt3,R,R,70.08512979238257,-145.62464956987446,10,26.0,50.0,5.24,1.43,0.02,18.88,8.67,1816.0,4.97,True,4.8,6.79,1.37,2020-02-24 00:00:00,2025-02-13 00:00:00,10,10
0091,gt1,L,L,70.18944962311107,-147.43312229932857,8,-5.0,273.0,-0.88,-16.06,0.1,93.99,48.7,1907.0,5.22,True,4.8,6.79,1.3,2019-04-04 00:00:00,2024-06-23 00:00:00,8,8
0091,gt1,R,R,70.18957682886109,-147.43546054105255,10,-92.0,267.0,-14.22,-11.71,0.09,86.68,30.32,2361.0,6.46,True,4.8,6.79,1.05,2019-04-04 00:00:00,2025-09-20 00:00:00,10,10
0091,gt2,L,L,70.20116239007571,-147.51540740433265,1,,,,,,,,,,False,4.8,,,2020-09-30 00:00:00,2020-09-30 00:00:00,1,1
0091,gt2,R,R,70.20108823460428,-147.51781083079794,11,-212.0,239.0,-32.81,-30.56,0.58,63.48,19.45,2361.0,6.46,True,4.8,6.79,1.05,2019-04-04 00:00:00,2025-09-20 00:00:00,11,11
0914,gt2,L,L,70.1635830253064,-146.2316462434525,7,9.0,23.0,1.88,3.04,0.43,7.1,4.03,1816.0,4.97,True,4.8,6.79,1.37,2020-02-24 00:00:00,2025-02-13 00:00:00,7,7
0914,gt2,R,R,70.16375940950286,-146.23397125973332,8,1.0,48.0,0.15,1.05,0.02,15.61,6.81,1907.0,5.22,True,4.8,6.79,1.3,2020-02-24 00:00:00,2025-05-15 00:00:00,8,8
0914,gt3,L,L,70.17565044320405,-146.31358661976955,7,-2.0,272.0,-0.38,22.84,0.12,127.74,72.58,1816.0,4.97,True,4.8,6.79,1.37,2020-02-24 00:00:00,2025-02-13 00:00:00,7,7
0914,gt3,R,R,70.17579138958986,-146.3159408113908,9,226.0,360.0,43.3,55.38,0.7,77.81,32.44,1907.0,5.22,True,4.8,6.79,1.3,2020-02-24 00:00:00,2025-05-15 00:00:00,9,9
0922,gt1,L,L,69.22194573588679,-163.3974341931571,14,-6.0,32.0,-0.98,-0.14,0.0,9.11,2.92,2179.0,5.97,True,4.8,6.79,1.14,2019-11-26 00:00:00,2025-11-13 00:00:00,14,14
0922,gt1,R,R,69.22201660232761,-163.39523982411126,15,-1.0,108.0,-0.16,-1.2,0.01,30.13,8.75,2179.0,5.97,True,4.8,6.79,1.14,2019-11-26 00:00:00,2025-11-13 00:00:00,15,15
0922,gt2,L,L,69.25690534806317,-163.32699878537977,13,-7.0,99.0,-1.22,-5.2,0.13,26.47,8.78,2179.0,5.97,True,4.8,6.79,1.14,2019-11-26 00:00:00,2025-11-13 00:00:00,13,13
0922,gt2,R,R,69.2570295683748,-163.32473508136502,15,-10.0,369.0,-1.71,8.03,0.01,149.02,47.66,2179.0,5.97,True,4.8,6.79,1.14,2019-11-26 00:00:00,2025-11-13 00:00:00,15,15
0922,gt3,L,L,69.28260893707657,-163.25314567939748,15,-9.0,335.0,-1.57,-5.28,0.01,84.04,25.66,2179.0,5.97,True,4.8,6.79,1.14,2019-11-26 00:00:00,2025-11-13 00:00:00,15,15
0922,gt3,R,R,69.28278151458622,-163.2509287253238,15,-9.0,166.0,-1.5,-9.5,0.15,42.77,13.78,2179.0,5.97,True,4.8,6.79,1.14,2019-11-26 00:00:00,2025-11-13 00:00:00,15,15
0930,gt2,L,L,68.91527221962208,-164.57736164161446,13,-24.0,58.0,-4.48,-4.6,0.19,17.14,6.2,1998.0,5.47,True,4.8,6.79,1.24,2020-05-26 00:00:00,2025-11-14 00:00:00,13,13
0930,gt2,R,R,68.91537022205246,-164.57957559494716,12,-11.0,62.0,-1.94,-2.78,0.09,17.12,6.34,1998.0,5.47,True,4.8,6.79,1.24,2020-05-26 00:00:00,2025-11-14 00:00:00,12,12
0930,gt3,L,L,68.90931765123811,-164.66063578046786,11,-3.0,35.0,-0.5,3.68,0.26,11.5,4.71,1998.0,5.47,True,4.8,6.79,1.24,2020-05-26 00:00:00,2025-11-14 00:00:00,11,11
0930,gt3,R,R,68.90941056373877,-164.66286736781157,10,-21.0,33.0,-3.8,-2.71,0.21,10.55,4.25,1998.0,5.47,True,4.8,6.79,1.24,2020-05-26 00:00:00,2025-11-14 00:00:00,10,10
0937,gt2,L,L,70.81807371036119,-158.19312499315674,10,-37.0,106.0,-6.42,2.38,0.04,28.4,9.48,2088.0,5.72,True,4.8,6.79,1.19,2020-02-26 00:00:00,2025-11-14 00:00:00,10,10
0937,gt2,R,R,70.81814349132863,-158.1899048192291,10,173.0,221.0,25.72,11.82,0.2,60.77,19.0,2452.0,6.71,True,4.8,6.79,1.01,2019-02-27 00:00:00,2025-11-14 00:00:00,10,10
0937,gt3,L,L,70.82375967596084,-158.10584903357412,12,121.0,175.0,17.96,8.79,0.18,45.86,13.24,2452.0,6.71,True,4.8,6.79,1.01,2019-02-27 00:00:00,2025-11-14 00:00:00,12,12
0937,gt3,R,R,70.82381707834068,-158.1020601659144,12,132.0,188.0,19.62,7.0,0.1,50.4,14.42,2452.0,6.71,True,4.8,6.79,1.01,2019-02-27 00:00:00,2025-11-14 00:00:00,12,12
0945,gt1,L,L,70.82535174327019,-158.0867799244619,10,10.0,33.0,1.67,-0.82,0.04,10.0,3.31,2180.0,5.97,True,4.8,6.79,1.14,2019-11-27 00:00:00,2025-11-15 00:00:00,10,10
0945,gt1,R,R,70.82538232753643,-158.08923447390785,13,12.0,54.0,2.03,1.64,0.08,12.02,3.59,2180.0,5.97,True,4.8,6.79,1.14,2019-11-27 00:00:00,2025-11-15 00:00:00,13,13
0945,gt2,L,L,70.81912772726028,-158.178434323969,12,7.0,15.0,1.1,0.26,0.02,4.73,1.47,2180.0,5.97,True,4.8,6.79,1.14,2019-11-27 00:00:00,2025-11-15 00:00:00,12,12
0945,gt2,R,R,70.81930930857264,-158.180862384075,13,329.0,366.0,55.1,17.39,0.16,89.58,26.72,2180.0,5.97,True,4.8,6.79,1.14,2019-11-27 00:00:00,2025-11-15 00:00:00,13,13
0960,gt2,L,L,70.86146197655138,-152.4508963996409,1,,,,,,,,,,False,4.8,,,2021-08-25 00:00:00,2021-08-25 00:00:00,1,1
0960,gt2,R,R,70.86157253932545,-152.45351063916343,1,,,,,,,,,,False,4.8,,,2021-08-25 00:00:00,2021-08-25 00:00:00,1,1
0960,gt3,L,L,70.87171541268161,-152.53577657106905,1,,,,,,,,,,False,4.8,,,2021-08-25 00:00:00,2021-08-25 00:00:00,1,1
0960,gt3,R,R,70.87194029578497,-152.53803591116704,1,,,,,,,,,,False,4.8,,,2021-08-25 00:00:00,2021-08-25 00:00:00,1,1
0967,gt1,L,L,70.1793548751185,-146.61250954607212,13,41.0,327.0,6.39,0.42,0.0,119.64,35.68,2362.0,6.47,True,4.8,6.79,1.05,2019-03-01 00:00:00,2025-08-18 00:00:00,13,13
0967,gt1,R,R,70.17944919397166,-146.6100863028888,12,-151.0,201.0,-23.4,-10.69,0.16,55.7,17.02,2362.0,6.47,True,4.8,6.79,1.05,2019-03-01 00:00:00,2025-08-18 00:00:00,12,12
0967,gt3,L,L,70.18278667212577,-146.4417337323396,12,122.0,293.0,18.85,3.99,0.01,80.05,25.7,2362.0,6.47,True,4.8,6.79,1.05,2019-03-01 00:00:00,2025-08-18 00:00:00,12,12
0967,gt3,R,R,70.18292383819151,-146.43912333361695,13,150.0,358.0,23.12,2.96,0.0,96.78,29.16,2362.0,6.47,True,4.8,6.79,1.05,2019-03-01 00:00:00,2025-08-18 00:00:00,13,13
0975,gt1,L,L,70.16455930998785,-146.9209088602856,16,-299.0,393.0,-46.23,-17.12,0.19,75.76,20.43,2361.0,6.46,True,4.8,6.79,1.05,2019-03-02 00:00:00,2025-08-18 00:00:00,16,16
0975,gt1,R,R,70.16468807121825,-146.92275492972874,13,-416.0,416.0,-64.38,-27.36,0.27,93.76,29.59,2361.0,6.46,True,4.8,6.79,1.05,2019-03-02 00:00:00,2025-08-18 00:00:00,13,13
0098,gt2,L,L,69.67745806534303,-141.14868926906527,16,264.0,361.0,39.25,11.43,0.07,83.6,23.32,2452.0,6.71,True,4.8,6.79,1.01,2019-04-04 00:00:00,2025-12-20 00:00:00,16,16
0098,gt2,R,R,69.67745316024529,-141.14616004238283,17,-90.0,114.0,-13.34,-12.7,0.47,27.4,7.36,2452.0,6.71,True,4.8,6.79,1.01,2019-04-04 00:00:00,2025-12-20 00:00:00,17,17
0098,gt3,L,L,69.65790668903776,-141.05771463093947,18,-10.0,336.0,-1.52,-1.94,0.0,90.12,23.67,2452.0,6.71,True,4.8,6.79,1.01,2019-04-04 00:00:00,2025-12-20 00:00:00,18,18
0098,gt3,R,R,69.6580004739705,-141.05515984959578,18,-34.0,263.0,-5.1,1.27,0.0,65.58,17.25,2452.0,6.71,True,4.8,6.79,1.01,2019-04-04 00:00:00,2025-12-20 00:00:00,18,18
0983,gt1,L,L,68.96417196223209,-164.08747072693757,11,-13.0,17.0,-2.11,-1.3,0.32,4.23,1.42,2270.0,6.21,True,4.8,6.79,1.09,2019-08-31 00:00:00,2025-11-17 00:00:00,11,11
0983,gt1,R,R,68.9641496374849,-164.08524595620992,11,39.0,100.0,6.3,-1.09,0.0,39.73,13.29,2270.0,6.21,True,4.8,6.79,1.09,2019-08-31 00:00:00,2025-11-17 00:00:00,11,11
0983,gt3,L,L,68.9946335258933,-163.93463035416318,10,18.0,76.0,2.84,-1.49,0.01,27.94,9.93,2270.0,6.21,True,4.8,6.79,1.09,2019-08-31 00:00:00,2025-11-17 00:00:00,10,10
0983,gt3,R,R,68.9946854570167,-163.932403976591,8,6.0,19.0,0.89,-0.01,0.0,7.41,3.14,2270.0,6.21,True,4.8,6.79,1.09,2019-08-31 00:00:00,2025-11-17 00:00:00,8,8
0099,gt1,L,L,68.91570988718298,-164.59274440482687,15,22.0,79.0,3.16,3.59,0.16,18.04,4.84,2543.0,6.96,True,4.8,6.79,0.97,2019-01-03 00:00:00,2025-12-20 00:00:00,15,15
0099,gt1,R,R,68.9157197002886,-164.59042221496648,17,-252.0,276.0,-36.15,-11.89,0.15,60.0,15.39,2543.0,6.96,True,4.8,6.79,0.97,2019-01-03 00:00:00,2025-12-20 00:00:00,17,17
0099,gt3,L,L,68.91858991199487,-164.4314862868551,13,130.0,132.0,18.61,8.01,0.23,32.29,9.61,2543.0,6.96,True,4.8,6.79,0.97,2019-01-03 00:00:00,2025-12-20 00:00:00,13,13
0099,gt3,R,R,68.91870795302006,-164.4291240438548,15,-198.0,212.0,-28.46,-11.77,0.23,47.47,12.81,2543.0,6.96,True,4.8,6.79,0.97,2019-01-03 00:00:00,2025-12-20 00:00:00,15,15
