track_id,bias_tolerance,gt_family,cluster_id,cluster_width_m,n_beams,reference_beam_id,reference_date,coast_slope_sign,center_lat,center_lon,elev_avg,first_date,last_date,TemporalSpan_days,ClusterTemporalSpanYears,initial_cycles,used_cycles,used_cycles_cluster,angle_mean_deg,angle_median_deg,angle_mode_deg,angle_used_mean_deg,angle_used_median_deg,max_abs_gie,mean_abs_gie,U_position_m,U_NSM_measured_m,U_EPR_measured_myr,U_NSM_corrected_m,U_EPR_corrected_myr,NSM_measured,SCE_measured,EPR_measured,LRR_measured,LR2_measured,LSE_measured,LCI_measured,ValidRegression_measured,NSM_corrected,SCE_corrected,EPR_corrected,LRR_corrected,LR2_corrected,LSE_corrected,LCI_corrected,ValidRegression_corrected,track_id_str,n_cycles_removed,flagged_dates,NSM_flagged,EPR_flagged,LRR_flagged,LR2_flagged,LSE_flagged,LCI_flagged,flag_status
38,0.6,gt2,1,9.19,4,sliderule_0038_gt2l_cyc14_20211224,2021-12-24 00:00:00,1,69.05107052226444,-163.77611733240064,14.359354762973307,2021-12-24 00:00:00,2025-03-19 00:00:00,1181.0,3.23,14,13,4,61.88,61.87,62.5,61.883,61.87,4.484,1.405,4.8,6.79,2.1,6.79,2.1,-18.0,18.0,-5.64,-5.32,0.97,1.99,2.86,True,-14.0,19.0,-4.26,-4.43,0.86,3.83,5.5,True,0038,0,,-14.0,-4.33,-4.35,0.87,3.53,5.07,no_outlier_detected
38,0.6,gt2,2,20.05,8,sliderule_0038_gt2r_cyc07_20200329,2020-03-29 00:00:00,1,69.05117973422202,-163.77370286860997,17.70563175473865,2020-03-29 00:00:00,2025-09-17 00:00:00,1998.0,5.47,14,13,8,56.76,56.74,57.5,56.755,56.74,8.238,4.02,4.8,6.79,1.24,6.79,1.24,-24.0,24.0,-4.39,-3.99,0.84,3.88,1.73,True,-27.0,27.0,-4.89,-3.92,0.67,6.14,2.73,True,0038,0,,-26.0,-4.75,-3.8,0.66,6.14,2.73,no_outlier_detected
38,0.6,gt2,4,16.97,7,sliderule_0038_gt2r_cyc07_20200329,2020-03-29 00:00:00,1,69.05116909351496,-163.77374263581393,17.677181697810965,2020-03-29 00:00:00,2025-09-17 00:00:00,1998.0,5.47,14,13,7,56.76,56.76,57.5,56.763,56.76,8.238,3.863,4.8,6.79,1.24,6.79,1.24,-24.0,24.0,-4.39,-4.08,0.85,4.1,1.96,True,-27.0,27.0,-4.89,-3.72,0.67,6.27,2.99,True,0038,3,2022-03-25;2025-03-19;2025-09-17,-16.0,-3.39,-3.66,0.96,1.91,2.32,flagged
45,0.4,gt1,1,97.4,10,sliderule_0045_gt1l_cyc06_20191229,2019-12-29 00:00:00,-1,69.67608996184157,-141.13526410761085,1.5532024722806523,2019-12-29 00:00:00,2024-12-19 00:00:00,1817.0,4.97,18,18,10,70.79,70.8,72.5,70.789,70.795,33.897,8.203,4.8,6.79,1.36,6.79,1.36,-72.0,92.0,-14.4,-14.95,0.73,16.94,7.38,True,-89.0,95.0,-17.83,-15.3,0.71,18.44,8.04,True,0045,0,,-88.0,-17.69,-15.28,0.71,18.33,7.99,no_outlier_detected
45,0.4,gt1,2,115.44,10,sliderule_0045_gt1r_cyc06_20191229,2019-12-29 00:00:00,-1,69.6761281497156,-141.1360747549499,1.7148294977111138,2019-12-29 00:00:00,2024-12-19 00:00:00,1817.0,4.97,18,18,10,72.16,70.81,72.5,72.164,70.815,22.291,6.08,4.8,6.79,1.36,6.79,1.36,-54.0,375.0,-10.84,7.98,0.02,114.53,49.92,True,-64.0,376.0,-12.86,6.5,0.01,113.47,49.46,True,0045,1,2024-03-21,-64.0,-12.87,-14.41,0.89,9.63,4.55,flagged
53,0.4,gt1,1,175.8,5,sliderule_0053_gt1l_cyc03_20190401,2019-04-01 00:00:00,-1,70.78853983726852,-158.78760075431043,2.802072391265265,2019-04-01 00:00:00,2025-03-20 00:00:00,2180.0,5.97,18,17,5,79.95,79.92,77.5,79.95,79.92,29.422,15.734,4.8,6.79,1.14,6.79,1.14,-5.0,31.0,-0.76,-0.67,0.01,15.02,10.9,True,-2.0,7.0,-0.4,-0.62,0.24,2.77,2.01,True,0053,2,2025-03-20;2021-12-25,-7.0,-1.66,-1.66,1.0,0.05,0.2,flagged
53,0.4,gt1,3,21.6,5,sliderule_0053_gt1l_cyc06_20191230,2019-12-30 00:00:00,-1,70.78874999731481,-158.78280776196502,2.1698828247578743,2019-12-30 00:00:00,2025-06-19 00:00:00,1998.0,5.47,18,17,5,85.97,85.97,87.5,85.966,85.97,1.524,0.765,4.8,6.79,1.24,6.79,1.24,-7.0,27.0,-1.2,-2.86,0.41,8.92,6.36,True,-8.0,28.0,-1.47,-3.07,0.44,8.91,6.36,True,0053,1,2020-03-30,-8.0,-1.46,-1.43,0.66,2.9,3.11,flagged
53,0.4,gt1,6,32.15,6,sliderule_0053_gt1l_cyc06_20191230,2019-12-30 00:00:00,-1,70.78874071823793,-158.78294466300227,2.21360655564741,2019-12-30 00:00:00,2025-06-19 00:00:00,1998.0,5.47,18,17,6,85.96,85.95,87.5,85.957,85.945,2.295,1.02,4.8,6.79,1.24,6.79,1.24,-7.0,27.0,-1.2,-2.61,0.34,8.21,5.01,True,-8.0,28.0,-1.47,-2.88,0.4,8.03,4.9,True,0053,2,2020-03-30;2025-06-19,4.0,1.34,1.06,0.45,1.96,3.55,flagged
53,0.4,gt1,7,132.4,6,sliderule_0053_gt1l_cyc03_20190401,2019-04-01 00:00:00,-1,70.7886081353798,-158.78581011578697,2.763511592899638,2019-04-01 00:00:00,2025-03-20 00:00:00,2180.0,5.97,18,17,6,80.95,79.97,77.5,80.948,79.97,13.527,5.86,4.8,6.79,1.14,6.79,1.14,-5.0,22.0,-0.76,-0.97,0.04,10.22,6.28,True,-2.0,17.0,-0.4,-1.02,0.11,6.68,4.11,True,0053,2,2023-06-23;2021-03-28,-2.0,-0.34,-0.32,0.38,1.22,1.24,flagged
53,0.5,gt2,8,45.37,3,sliderule_0053_gt2l_cyc14_20211225,2021-12-25 00:00:00,-1,70.78568009004759,-158.69920838562408,8.962255241402948,2021-12-25 00:00:00,2023-06-23 00:00:00,545.0,1.49,16,16,3,77.48,77.6,77.5,77.477,77.6,10.241,4.935,4.8,6.79,4.55,6.79,4.55,-13.0,13.0,-8.75,-7.89,0.93,2.51,28.16,True,-3.0,3.0,-1.88,-1.77,0.97,0.33,3.75,True,0053,0,,-3.0,-1.88,-1.77,0.97,0.33,3.75,insufficient_data_for_flagging
53,0.5,gt2,10,56.38,6,sliderule_0053_gt2l_cyc06_20191230,2019-12-30 00:00:00,-1,70.78594346721012,-158.69303723489662,7.739330388544524,2019-12-30 00:00:00,2025-06-19 00:00:00,1998.0,5.47,16,16,6,74.72,75.23,77.5,74.727,75.23,14.778,6.196,4.8,6.79,1.24,6.79,1.24,-4.0,33.0,-0.75,-1.96,0.09,14.29,8.69,True,-11.0,31.0,-1.95,-2.78,0.22,11.79,7.17,True,0053,1,2021-06-27,-11.0,-2.01,-3.19,0.5,8.34,5.84,flagged
53,0.5,gt2,11,118.83,6,sliderule_0053_gt2r_cyc06_20191230,2019-12-30 00:00:00,-1,70.78602123774031,-158.69154341810065,7.640619679629201,2019-12-30 00:00:00,2025-06-19 00:00:00,1998.0,5.47,16,16,6,74.46,74.47,72.5,74.467,74.475,30.994,22.006,4.8,6.79,1.24,6.79,1.24,22.0,44.0,3.98,1.24,0.02,17.85,10.85,True,-7.0,28.0,-1.37,-2.13,0.16,11.13,6.77,True,0053,0,,-7.0,-1.28,-2.05,0.14,11.36,6.91,no_outlier_detected
53,0.5,gt2,12,39.24,3,sliderule_0053_gt2l_cyc03_20190401,2019-04-01 00:00:00,-1,70.7858481824038,-158.6957122829206,8.388388067512283,2019-04-01 00:00:00,2025-03-20 00:00:00,2180.0,5.97,16,16,3,75.96,75.51,77.5,75.96,75.51,7.931,3.147,4.8,6.79,1.14,6.79,1.14,-10.0,37.0,-1.65,-2.96,0.23,23.58,69.03,True,-8.0,45.0,-1.4,-3.11,0.16,30.72,89.95,True,0053,0,,-8.0,-1.4,-3.11,0.16,30.72,89.95,insufficient_data_for_flagging
53,0.5,gt2,13,67.23,3,sliderule_0053_gt2r_cyc14_20211225,2021-12-25 00:00:00,-1,70.78574184536748,-158.6976940725365,8.867319617321032,2021-12-25 00:00:00,2023-06-23 00:00:00,545.0,1.49,16,16,3,77.1,77.09,77.5,77.1,77.09,10.631,5.088,4.8,6.79,4.55,6.79,4.55,15.0,16.0,9.9,10.94,0.94,3.09,34.72,True,4.0,4.0,2.78,2.16,0.65,1.8,20.17,True,0053,0,,4.0,2.78,2.16,0.65,1.8,20.17,insufficient_data_for_flagging
53,0.5,gt3,14,166.57,4,sliderule_0053_gt3l_cyc03_20190401,2019-04-01 00:00:00,1,70.78838696319455,-158.6093653500546,7.2361828329280495,2019-04-01 00:00:00,2025-03-20 00:00:00,2180.0,5.97,12,12,4,84.63,84.65,82.5,84.625,84.65,13.147,6.275,4.8,6.79,1.14,6.79,1.14,-5.0,20.0,-0.82,-0.69,0.03,12.28,12.51,True,-5.0,8.0,-0.92,-0.89,0.38,3.41,3.47,True,0053,1,2025-03-20,-8.0,-2.68,-2.63,1.0,0.24,1.32,flagged
53,0.5,gt3,16,120.18,4,sliderule_0053_gt3r_cyc06_20191230,2019-12-30 00:00:00,1,70.78863210916549,-158.603398629343,7.253183379334232,2019-12-30 00:00:00,2025-06-19 00:00:00,1998.0,5.47,12,12,4,85.61,86.07,87.5,85.61,86.07,12.694,5.552,4.8,6.79,1.24,6.79,1.24,-33.0,35.0,-5.94,-6.4,0.97,3.52,3.43,True,-20.0,28.0,-3.62,-4.51,0.88,5.13,5.01,True,0053,0,,-20.0,-3.66,-4.51,0.89,4.92,4.81,no_outlier_detected
53,0.5,gt3,17,75.94,4,sliderule_0053_gt3l_cyc03_20190401,2019-04-01 00:00:00,1,70.788447988738,-158.60814767047228,7.208096249588965,2019-04-01 00:00:00,2025-03-20 00:00:00,2180.0,5.97,12,12,4,84.32,84.35,82.5,84.323,84.355,6.488,3.001,4.8,6.79,1.14,6.79,1.14,-5.0,39.0,-0.82,-0.52,0.0,22.39,22.8,True,-5.0,33.0,-0.92,-0.67,0.01,18.12,18.45,True,0053,0,,-6.0,-1.01,-0.75,0.01,18.28,18.62,no_outlier_detected
61,0.5,gt1,2,109.99,8,sliderule_0061_gt1l_cyc03_20190402,2019-04-02 00:00:00,1,70.78763896511605,-158.62228972522658,7.453254349268933,2019-04-02 00:00:00,2025-12-18 00:00:00,2452.0,6.71,13,13,8,73.98,73.99,72.5,73.975,73.985,29.741,13.11,4.8,6.79,1.01,6.79,1.01,-11.0,42.0,-1.57,-1.4,0.04,17.96,6.82,True,-11.0,15.0,-1.61,-0.88,0.14,5.63,2.14,True,0061,0,,-11.0,-1.64,-0.87,0.15,5.57,2.11,no_outlier_detected
61,0.5,gt1,3,110.02,9,sliderule_0061_gt1r_cyc03_20190402,2019-04-02 00:00:00,1,70.78764074042977,-158.62228610570003,7.500410506285673,2019-04-02 00:00:00,2025-12-18 00:00:00,2452.0,6.71,13,13,9,73.96,73.95,72.5,73.958,73.95,26.422,6.65,4.8,6.79,1.01,6.79,1.01,-11.0,34.0,-1.63,-0.83,0.03,11.23,4.02,True,-12.0,21.0,-1.76,-1.36,0.24,6.1,2.18,True,0061,1,2023-06-24,-12.0,-1.79,-0.95,0.24,4.4,1.67,flagged
61,0.5,gt3,8,86.96,10,sliderule_0061_gt3l_cyc03_20190402,2019-04-02 00:00:00,1,70.7890615480902,-158.79974109217807,6.54504415735448,2019-04-02 00:00:00,2025-12-18 00:00:00,2452.0,6.71,17,17,10,87.71,87.72,87.5,87.709,87.725,3.353,1.147,4.8,6.79,1.01,6.79,1.01,-13.0,21.0,-1.9,-1.86,0.33,6.58,2.19,True,-9.0,20.0,-1.4,-1.34,0.2,6.64,2.21,True,0061,3,2019-12-30;2023-06-24;2023-09-23,-9.0,-1.34,-1.96,0.8,2.77,1.14,flagged
61,0.5,gt3,9,5.59,4,sliderule_0061_gt3r_cyc03_20190402,2019-04-02 00:00:00,1,70.78915809527817,-158.80109155875294,7.191164192104127,2019-04-02 00:00:00,2022-12-24 00:00:00,1362.0,3.73,17,17,4,87.76,87.76,87.5,87.76,87.76,0.186,0.06,4.8,6.79,1.82,6.79,1.82,-7.0,9.0,-1.99,-2.08,0.69,2.77,4.22,True,-7.0,9.0,-1.94,-2.04,0.67,2.84,4.34,True,0061,0,,-8.0,-2.15,-2.21,0.72,2.73,4.17,no_outlier_detected
61,0.5,gt3,10,11.65,7,sliderule_0061_gt3r_cyc03_20190402,2019-04-02 00:00:00,1,70.78913211521024,-158.80102461835642,7.15654839926417,2019-04-02 00:00:00,2025-12-18 00:00:00,2452.0,6.71,17,17,7,87.75,87.75,87.5,87.747,87.75,0.258,0.129,4.8,6.79,1.01,6.79,1.01,-10.0,11.0,-1.47,-1.06,0.44,3.48,1.38,True,-10.0,11.0,-1.5,-1.09,0.47,3.39,1.34,True,0061,0,,-10.0,-1.49,-1.1,0.49,3.26,1.29,no_outlier_detected
61,0.5,gt3,11,67.4,9,sliderule_0061_gt3l_cyc03_20190402,2019-04-02 00:00:00,1,70.7890447924036,-158.7994605671718,6.406534443920239,2019-04-02 00:00:00,2025-12-18 00:00:00,2452.0,6.71,17,17,9,87.7,87.71,87.5,87.7,87.71,2.586,0.544,4.8,6.79,1.01,6.79,1.01,-10.0,21.0,-1.45,-1.63,0.23,7.18,2.63,True,-10.0,20.0,-1.46,-1.45,0.2,7.07,2.59,True,0061,0,,-9.0,-1.34,-1.33,0.17,7.12,2.61,no_outlier_detected
61,0.6,gt2,4,103.64,11,sliderule_0061_gt2l_cyc03_20190402,2019-04-02 00:00:00,1,70.78673030009757,-158.7116246818355,7.024459001958639,2019-04-02 00:00:00,2025-12-18 00:00:00,2452.0,6.71,15,15,11,89.71,89.68,87.5,89.707,89.68,0.633,0.185,4.8,6.79,1.01,6.79,1.01,-13.0,41.0,-1.87,-2.14,0.17,11.32,3.61,True,-13.0,41.0,-1.88,-2.17,0.17,11.42,3.64,True,0061,1,2025-03-20,-13.0,-1.94,-3.83,0.58,7.52,2.64,flagged
61,0.6,gt2,5,103.64,11,sliderule_0061_gt2r_cyc03_20190402,2019-04-02 00:00:00,1,70.78672899894245,-158.7116254114853,7.109109950325751,2019-04-02 00:00:00,2025-12-18 00:00:00,2452.0,6.71,15,15,11,89.66,89.63,87.5,89.663,89.63,0.636,0.141,4.8,6.79,1.01,6.79,1.01,-12.0,46.0,-1.75,-1.59,0.07,13.5,4.3,True,-12.0,46.0,-1.76,-1.61,0.07,13.65,4.35,True,0061,3,2024-09-20;2023-06-24;2023-09-23,-12.0,-1.79,-0.34,0.02,6.89,2.6,flagged
98,0.4,gt3,10,52.32,3,sliderule_0098_gt3l_cyc14_20211228,2021-12-28 00:00:00,-1,69.6579030693201,-141.0588393282274,3.659121817092863,2021-12-28 00:00:00,2023-06-26 00:00:00,545.0,1.49,24,23,3,48.55,48.55,47.5,48.547,48.55,45.983,23.96,4.8,6.79,4.55,6.79,4.55,-42.0,43.0,-28.21,-18.93,0.38,27.25,306.03,True,-16.0,19.0,-10.85,-12.37,0.91,4.5,50.52,True,0098,0,,-16.0,-10.85,-12.37,0.91,4.5,50.52,insufficient_data_for_flagging
98,0.6,gt2,2,153.95,9,sliderule_0098_gt2l_cyc03_20190404,2019-04-04 00:00:00,-1,69.67742399999493,-141.14769083250897,1.0904176149202969,2019-04-04 00:00:00,2025-12-20 00:00:00,2452.0,6.71,21,20,9,67.99,68.92,67.5,67.992,68.92,45.271,16.139,4.8,6.79,1.01,6.79,1.01,-93.0,93.0,-13.85,-11.5,0.5,24.67,10.24,True,-91.0,110.0,-13.52,-15.11,0.54,30.3,12.57,True,0098,2,2021-12-28;2022-03-29,-91.0,-13.56,-14.93,0.91,11.83,5.34,flagged
98,0.6,gt2,3,24.39,3,sliderule_0098_gt2r_cyc05_20191003,2019-10-03 00:00:00,-1,69.67761985558411,-141.1449100816336,1.0160147368052768,2019-10-03 00:00:00,2024-03-25 00:00:00,1635.0,4.48,21,20,3,64.53,64.68,62.5,64.527,64.68,12.976,8.075,4.8,6.79,1.52,6.79,1.52,-56.0,67.0,-12.48,-13.53,0.73,26.44,105.25,True,-45.0,54.0,-9.96,-10.82,0.72,21.49,85.56,True,0098,0,,-45.0,-9.96,-10.82,0.72,21.49,85.56,insufficient_data_for_flagging
98,0.6,gt2,4,13.06,3,sliderule_0098_gt2r_cyc11_20210331,2021-03-31 00:00:00,-1,69.67753014367302,-141.14442851175994,1.2237482626061604,2021-03-31 00:00:00,2024-03-25 00:00:00,1090.0,2.98,21,20,3,64.68,64.68,62.5,64.677,64.68,6.063,3.457,4.8,6.79,2.27,6.79,2.27,-42.0,52.0,-13.95,-12.66,0.48,28.02,167.82,True,-48.0,56.0,-15.98,-14.63,0.53,29.47,176.49,True,0098,0,,-48.0,-15.98,-14.63,0.53,29.47,176.49,insufficient_data_for_flagging
99,0.6,gt1,2,5.39,5,sliderule_0099_gt1l_cyc03_20190404,2019-04-04 00:00:00,-1,68.9156801881942,-164.59038784661783,12.035164466859593,2019-04-04 00:00:00,2025-12-20 00:00:00,2452.0,6.71,24,24,5,79.08,79.08,77.5,79.084,79.08,0.968,0.42,4.8,6.79,1.01,6.79,1.01,-13.0,17.0,-1.97,-2.02,0.62,4.52,2.92,True,-13.0,17.0,-1.99,-2.08,0.64,4.4,2.84,True,0099,1,2021-12-28,-13.0,-1.94,-1.99,0.97,1.12,0.98,flagged
99,0.6,gt1,3,96.93,14,sliderule_0099_gt1r_cyc05_20191003,2019-10-03 00:00:00,-1,68.91581885782604,-164.58884059433035,13.111212060994283,2019-10-03 00:00:00,2025-12-20 00:00:00,2270.0,6.21,24,24,14,77.26,76.88,77.5,77.256,76.875,13.913,4.115,4.8,6.79,1.09,6.79,1.09,-7.0,49.0,-1.06,-0.54,0.01,12.48,3.95,True,-7.0,36.0,-1.2,-2.14,0.21,8.19,2.59,True,0099,1,2024-06-23,-8.0,-1.29,-1.16,0.23,4.28,1.42,flagged
99,0.6,gt1,4,90.73,14,sliderule_0099_gt1r_cyc05_20191003,2019-10-03 00:00:00,-1,68.9158201473705,-164.5887085123762,13.133786799978408,2019-10-03 00:00:00,2025-12-20 00:00:00,2270.0,6.21,24,24,14,76.96,76.87,77.5,76.964,76.87,13.057,2.842,4.8,6.79,1.09,6.79,1.09,-7.0,45.0,-1.06,-2.2,0.14,10.9,3.45,True,-7.0,36.0,-1.2,-2.41,0.26,8.05,2.55,True,0099,1,2024-06-23,-8.0,-1.29,-1.49,0.33,4.28,1.42,flagged
99,0.6,gt1,5,9.09,5,sliderule_0099_gt1l_cyc03_20190404,2019-04-04 00:00:00,-1,68.9157581281383,-164.59059625253377,11.74080330686084,2019-04-04 00:00:00,2025-12-20 00:00:00,2452.0,6.71,24,24,5,79.1,79.08,77.5,79.1,79.08,1.913,0.804,4.8,6.79,1.01,6.79,1.01,-13.0,13.0,-1.97,-1.94,0.73,3.23,2.15,True,-13.0,13.0,-1.99,-1.99,0.69,3.66,2.44,True,0099,2,2022-12-27;2023-03-27,-13.0,-1.94,-1.94,1.0,0.21,0.56,flagged
129,0.5,gt1,1,91.22,11,sliderule_0129_gt1r_cyc03_20190406,2019-04-06 00:00:00,1,70.88028912252972,-153.88643997884344,3.2001884774905736,2019-04-06 00:00:00,2025-06-24 00:00:00,2271.0,6.22,26,24,11,78.94,78.97,77.5,78.938,78.97,14.711,4.537,4.8,6.79,1.09,6.79,1.09,-108.0,110.0,-17.42,-15.69,0.82,16.22,5.48,True,-109.0,117.0,-17.5,-15.88,0.86,14.41,4.87,True,0129,3,2021-07-02;2019-04-06;2024-12-24,-72.0,-13.16,-14.38,0.98,4.1,1.92,flagged
129,0.5,gt1,2,133.08,6,sliderule_0129_gt1l_cyc08_20200703,2020-07-03 00:00:00,1,70.88008796669625,-153.8915199863746,3.0192545604862495,2020-07-03 00:00:00,2023-03-29 00:00:00,999.0,2.74,26,24,6,87.33,87.32,87.5,87.328,87.325,5.823,1.332,4.8,6.79,2.48,6.79,2.48,-24.0,36.0,-8.72,-8.72,0.63,8.02,9.23,True,-24.0,35.0,-8.66,-9.5,0.76,6.38,7.34,True,0129,0,,-23.0,-8.41,-9.41,0.75,6.53,7.51,no_outlier_detected
129,0.5,gt1,4,133.63,13,sliderule_0129_gt1l_cyc03_20190406,2019-04-06 00:00:00,1,70.8802207698538,-153.88830587346325,3.091227042333629,2019-04-06 00:00:00,2025-06-24 00:00:00,2271.0,6.22,26,24,13,83.7,87.1,87.5,83.7,87.1,23.287,7.611,4.8,6.79,1.09,6.79,1.09,-98.0,102.0,-15.83,-14.06,0.82,13.84,4.35,True,-116.0,116.0,-18.68,-15.02,0.81,15.52,4.88,True,0129,3,2021-07-02;2019-04-06;2023-03-29,-79.0,-14.44,-14.76,0.97,5.77,2.17,flagged
129,0.5,gt2,5,32.98,4,sliderule_0129_gt2r_cyc06_20200104,2020-01-04 00:00:00,-1,70.88471703868599,-153.79819878780046,2.5759470965168356,2020-01-04 00:00:00,2024-03-27 00:00:00,1544.0,4.23,24,22,4,82.61,82.6,82.5,82.615,82.6,4.922,2.18,4.8,6.79,1.61,6.79,1.61,-52.0,68.0,-12.35,-14.44,0.92,10.07,12.88,True,-47.0,63.0,-11.18,-13.27,0.91,9.75,12.48,True,0129,1,2020-04-03,-47.0,-11.12,-11.54,0.98,5.4,22.32,flagged
129,0.5,gt2,6,83.92,8,sliderule_0129_gt2r_cyc03_20190406,2019-04-06 00:00:00,-1,70.88462839324657,-153.80056756843408,2.886634709884819,2019-04-06 00:00:00,2024-12-24 00:00:00,2089.0,5.72,24,22,8,83.95,83.95,82.5,83.945,83.95,9.1,3.142,4.8,6.79,1.19,6.79,1.19,-101.0,101.0,-17.67,-14.86,0.88,11.76,5.44,True,-103.0,103.0,-17.92,-14.95,0.91,10.25,4.75,True,0129,2,2023-03-29;2019-04-06,-69.0,-13.88,-13.31,0.97,4.51,3.0,flagged
129,0.5,gt2,7,134.79,6,sliderule_0129_gt2l_cyc08_20200703,2020-07-03 00:00:00,-1,70.88450252532772,-153.80377199348325,2.7218357282522216,2020-07-03 00:00:00,2024-12-24 00:00:00,1635.0,4.48,24,22,6,83.98,83.95,82.5,83.98,83.945,14.694,3.132,4.8,6.79,1.52,6.79,1.52,-66.0,66.0,-14.84,-15.24,0.97,5.17,3.55,True,-67.0,67.0,-14.99,-13.83,0.92,8.01,5.49,True,0129,0,,-67.0,-14.97,-13.86,0.92,8.14,5.58,no_outlier_detected
129,0.5,gt2,9,130.5,11,sliderule_0129_gt2l_cyc03_20190406,2019-04-06 00:00:00,-1,70.88464360622163,-153.80042886042418,2.7581750427114184,2019-04-06 00:00:00,2024-12-24 00:00:00,2089.0,5.72,24,22,11,83.99,83.95,82.5,83.988,83.95,12.139,2.864,4.8,6.79,1.19,6.79,1.19,-105.0,105.0,-18.37,-14.84,0.9,10.5,3.77,True,-106.0,106.0,-18.53,-15.49,0.92,9.32,3.34,True,0129,1,2019-04-06,-66.0,-13.27,-14.09,0.92,7.99,3.32,flagged
129,0.6,gt3,10,29.71,4,sliderule_0129_gt3r_cyc06_20200104,2020-01-04 00:00:00,-1,70.88667023020572,-153.70945771641487,3.728827332188531,2020-01-04 00:00:00,2024-03-27 00:00:00,1544.0,4.23,23,21,4,83.58,83.54,82.5,83.582,83.545,3.095,1.11,4.8,6.79,1.61,6.79,1.61,-69.0,69.0,-16.42,-16.57,0.99,3.27,4.19,True,-68.0,68.0,-16.15,-16.32,0.98,5.02,6.42,True,0129,1,2021-04-02,-69.0,-16.32,-16.33,1.0,0.02,0.06,flagged
129,0.6,gt3,11,11.3,3,sliderule_0129_gt3r_cyc03_20190406,2019-04-06 00:00:00,-1,70.8866213098458,-153.7107583409669,2.303671593753989,2019-04-06 00:00:00,2022-12-29 00:00:00,1363.0,3.73,23,21,3,83.48,83.46,82.5,83.477,83.46,1.168,0.443,4.8,6.79,1.82,6.79,1.82,-92.0,92.0,-24.74,-26.0,0.97,12.69,59.02,True,-94.0,94.0,-25.06,-26.23,0.97,11.89,55.29,True,0129,0,,-94.0,-25.06,-26.23,0.97,11.89,55.29,insufficient_data_for_flagging
137,0.3,gt3,7,129.52,15,sliderule_0137_gt3l_cyc03_20190407,2019-04-07 00:00:00,1,70.88399104830383,-153.8323654876771,3.114184227473343,2019-04-07 00:00:00,2025-03-25 00:00:00,2179.0,5.97,26,26,15,74.13,72.4,72.5,74.135,72.4,29.432,7.789,4.8,6.79,1.14,6.79,1.14,-108.0,108.0,-18.02,-12.8,0.81,11.59,3.69,True,-83.0,87.0,-13.94,-12.51,0.9,7.93,2.52,True,0137,0,,-83.0,-13.91,-12.51,0.9,8.05,2.56,no_outlier_detected
137,0.3,gt3,8,115.01,15,sliderule_0137_gt3r_cyc03_20190407,2019-04-07 00:00:00,1,70.88401337357135,-153.83312397389983,3.127035858177444,2019-04-07 00:00:00,2025-03-25 00:00:00,2179.0,5.97,26,26,15,72.48,72.35,72.5,72.479,72.35,26.214,4.563,4.8,6.79,1.14,6.79,1.14,-84.0,84.0,-14.05,-12.04,0.84,9.89,3.14,True,-89.0,90.0,-14.87,-12.67,0.9,7.74,2.46,True,0137,3,2019-04-07;2023-03-30;2023-06-29,-63.0,-12.07,-12.19,0.95,5.26,1.99,flagged
167,0.4,gt2,1,109.45,11,sliderule_0167_gt2l_cyc03_20190409,2019-04-09 00:00:00,-1,70.01766472255777,-142.65370771220805,6.422517139001742,2019-04-09 00:00:00,2025-03-27 00:00:00,2179.0,5.97,17,17,11,60.08,60.08,62.5,60.08,60.08,52.337,11.822,4.8,6.79,1.14,6.79,1.14,31.0,62.0,5.12,-1.94,0.04,20.52,7.41,True,-22.0,25.0,-3.65,-3.02,0.54,5.78,2.09,True,0167,2,2022-04-03;2023-04-01,-22.0,-3.69,-3.21,0.86,3.05,1.16,flagged
167,0.4,gt2,2,110.46,11,sliderule_0167_gt2r_cyc03_20190409,2019-04-09 00:00:00,-1,70.01765815269785,-142.65371706131913,6.525874811199824,2019-04-09 00:00:00,2025-03-27 00:00:00,2179.0,5.97,17,17,11,60.06,60.05,62.5,60.064,60.05,63.808,17.035,4.8,6.79,1.14,6.79,1.14,-15.0,64.0,-2.47,-6.51,0.27,22.24,8.03,True,-15.0,25.0,-2.49,-2.63,0.43,6.26,2.26,True,0167,3,2022-04-03;2022-12-31;2021-01-03,-15.0,-2.51,-2.29,0.88,2.12,0.86,flagged
167,0.4,gt3,3,41.81,8,sliderule_0167_gt3l_cyc03_20190409,2019-04-09 00:00:00,-1,70.03705499789153,-142.73168141589036,5.07893080961293,2019-04-09 00:00:00,2023-12-29 00:00:00,1725.0,4.72,15,15,8,61.41,61.4,62.5,61.41,61.4,14.899,4.695,4.8,6.79,1.44,6.79,1.44,-7.0,24.0,-1.57,0.02,0.0,7.81,4.26,True,-8.0,14.0,-1.76,-1.91,0.51,3.46,1.88,True,0167,3,2023-07-01;2022-01-02;2023-12-29,-2.0,-0.5,-0.58,0.67,0.76,0.75,flagged
167,0.4,gt3,6,31.31,7,sliderule_0167_gt3l_cyc03_20190409,2019-04-09 00:00:00,-1,70.0370496816745,-142.73154941749428,5.034556524285503,2019-04-09 00:00:00,2023-12-29 00:00:00,1725.0,4.72,15,15,7,61.41,61.4,62.5,61.411,61.4,9.764,3.237,4.8,6.79,1.44,6.79,1.44,-7.0,11.0,-1.57,-1.32,0.41,3.02,1.83,True,-8.0,14.0,-1.76,-2.37,0.75,2.58,1.56,True,0167,3,2023-07-01;2022-01-02;2023-12-29,-3.0,-1.01,-0.99,0.99,0.18,0.34,flagged
228,0.4,gt3,8,45.31,7,sliderule_0228_gt3l_cyc06_20200110,2020-01-10 00:00:00,1,70.08683026207365,-143.4920743184554,2.4058968698541854,2020-01-10 00:00:00,2025-12-29 00:00:00,2180.0,5.97,13,13,7,74.01,74.02,72.5,74.009,74.02,10.119,3.108,4.8,6.79,1.14,6.79,1.14,-3.0,17.0,-0.53,-0.73,0.09,6.04,2.67,True,-2.0,12.0,-0.29,-0.67,0.15,4.16,1.83,True,0228,2,2021-01-07;2023-04-05,-2.0,-0.34,-0.25,0.11,2.26,1.31,flagged
228,0.4,gt3,9,121.7,7,sliderule_0228_gt3r_cyc06_20200110,2020-01-10 00:00:00,1,70.08688545741799,-143.49337868635848,2.3370630123164053,2020-01-10 00:00:00,2025-12-29 00:00:00,2180.0,5.97,13,13,7,74.69,74.02,72.5,74.693,74.02,26.21,5.782,4.8,6.79,1.14,6.79,1.14,-5.0,41.0,-0.86,-2.62,0.2,13.66,6.03,True,-5.0,13.0,-0.84,-1.62,0.58,3.58,1.58,True,0228,0,,-5.0,-0.84,-1.65,0.57,3.71,1.64,no_outlier_detected
228,0.6,gt2,2,101.05,10,sliderule_0228_gt2r_cyc05_20191011,2019-10-11 00:00:00,1,70.09009030614138,-143.40580590529632,2.1805739825022536,2019-10-11 00:00:00,2025-12-29 00:00:00,2271.0,6.22,16,16,10,66.41,66.3,67.5,66.405,66.3,42.427,9.799,4.8,6.79,1.09,6.79,1.09,13.0,76.0,2.12,-1.56,0.03,20.7,7.1,True,13.0,43.0,2.17,1.09,0.03,13.69,4.69,True,0228,3,2022-07-06;2020-07-10;2019-10-11,-3.0,-0.5,-0.56,0.09,4.75,2.1,flagged
236,0.6,gt1,1,127.76,9,sliderule_0236_gt1r_cyc06_20200111,2020-01-11 00:00:00,1,70.32530102194684,-160.93960809468996,9.7586955418621,2020-01-11 00:00:00,2025-07-01 00:00:00,1998.0,5.47,17,17,9,70.36,70.05,72.5,70.356,70.05,39.93,25.21,4.8,6.79,1.24,6.79,1.24,-46.0,46.0,-8.38,-4.87,0.41,11.93,5.19,True,-17.0,20.0,-3.19,-1.4,0.2,5.77,2.51,True,0236,2,2025-04-01;2025-07-01,-10.0,-2.01,-1.38,0.48,2.68,1.65,flagged
236,0.6,gt1,3,113.76,8,sliderule_0236_gt1l_cyc11_20210409,2021-04-09 00:00:00,1,70.32518894331383,-160.94222104625422,9.190416642176023,2021-04-09 00:00:00,2025-04-01 00:00:00,1453.0,3.98,17,17,8,77.24,74.89,72.5,77.244,74.89,23.759,10.257,4.8,6.79,1.71,6.79,1.71,-44.0,73.0,-11.01,-6.07,0.08,30.28,19.91,True,-20.0,53.0,-5.03,-1.35,0.01,24.0,15.78,True,0236,0,,-20.0,-5.03,-1.37,0.01,23.94,15.74,no_outlier_detected
236,0.6,gt1,4,57.56,5,sliderule_0236_gt1l_cyc06_20200111,2020-01-11 00:00:00,1,70.325311433858,-160.93949165623,9.810887859056065,2020-01-11 00:00:00,2025-07-01 00:00:00,1998.0,5.47,17,17,5,69.38,68.34,67.5,69.374,68.34,23.506,10.395,4.8,6.79,1.24,6.79,1.24,-14.0,31.0,-2.56,-1.68,0.12,12.85,8.45,True,-18.0,18.0,-3.25,-2.41,0.75,3.93,2.58,True,0236,1,2024-04-03,-17.0,-3.11,-2.64,0.93,2.34,2.15,flagged
236,0.6,gt3,9,38.4,3,sliderule_0236_gt3r_cyc11_20210409,2021-04-09 00:00:00,1,70.36416707531338,-160.77985403331328,6.2550071953058435,2021-04-09 00:00:00,2024-04-03 00:00:00,1090.0,2.98,20,19,3,69.19,70.11,72.5,69.193,70.11,17.189,6.168,4.8,6.79,2.27,6.79,2.27,1.0,22.0,0.34,-2.46,0.1,16.49,92.64,True,2.0,6.0,0.78,0.06,0.0,4.23,23.76,True,0236,0,,2.0,0.78,0.06,0.0,4.23,23.76,insufficient_data_for_flagging
236,0.6,gt3,10,7.18,5,sliderule_0236_gt3l_cyc06_20200111,2020-01-11 00:00:00,1,70.36415235522199,-160.78051678990371,5.786125666074232,2020-01-11 00:00:00,2024-01-03 00:00:00,1453.0,3.98,20,19,5,66.36,66.37,67.5,66.364,66.37,1.564,0.942,4.8,6.79,1.71,6.79,1.71,-11.0,18.0,-2.78,-1.94,0.2,6.54,7.06,True,-10.0,15.0,-2.44,-1.72,0.22,5.48,5.91,True,0236,1,2024-01-03,0.0,0.0,0.61,0.1,2.9,5.52,flagged
236,0.6,gt3,11,49.71,4,sliderule_0236_gt3l_cyc11_20210409,2021-04-09 00:00:00,1,70.3641156450413,-160.78171357584827,5.096646215140323,2021-04-09 00:00:00,2025-07-01 00:00:00,1544.0,4.23,20,19,4,53.71,51.52,52.5,53.715,51.52,19.323,9.397,4.8,6.79,1.61,6.79,1.61,12.0,41.0,2.74,-1.68,0.04,20.85,25.9,True,-4.0,10.0,-0.94,-1.86,0.58,3.84,4.77,True,0236,0,,-4.0,-0.95,-1.8,0.6,3.59,4.46,no_outlier_detected
236,0.6,gt3,12,80.25,6,sliderule_0236_gt3l_cyc14_20220106,2022-01-06 00:00:00,1,70.3639866404931,-160.78359962051664,4.011961327658692,2022-01-06 00:00:00,2025-04-01 00:00:00,1181.0,3.23,20,19,6,50.38,48.74,47.5,50.375,48.735,39.527,14.952,4.8,6.79,2.1,6.79,2.1,-41.0,45.0,-12.65,-13.18,0.73,10.76,11.0,True,-1.0,12.0,-0.43,-0.03,0.0,5.38,5.5,True,0236,0,,-1.0,-0.31,0.11,0.0,5.45,5.57,no_outlier_detected
236,0.6,gt3,14,17.42,4,sliderule_0236_gt3l_cyc14_20220106,2022-01-06 00:00:00,1,70.36401460662445,-160.78276320746508,4.097799325759167,2022-01-06 00:00:00,2024-01-03 00:00:00,727.0,1.99,20,19,4,48.72,48.19,47.5,48.717,48.19,12.242,4.897,4.8,6.79,3.41,6.79,3.41,-14.0,18.0,-7.09,-3.83,0.2,8.5,23.6,True,-12.0,12.0,-6.19,-5.65,0.95,1.35,3.74,True,0236,0,,-12.0,-6.03,-5.6,0.97,1.17,3.24,no_outlier_detected
236,0.6,gt3,16,9.85,6,sliderule_0236_gt3l_cyc06_20200111,2020-01-11 00:00:00,1,70.36398517615784,-160.78043233622213,5.79508464056509,2020-01-11 00:00:00,2024-01-03 00:00:00,1453.0,3.98,20,19,6,66.41,66.37,67.5,66.412,66.37,2.205,1.153,4.8,6.79,1.71,6.79,1.71,-11.0,18.0,-2.78,-2.07,0.26,5.69,4.89,True,-10.0,15.0,-2.44,-2.17,0.33,5.02,4.31,True,0236,0,,-10.0,-2.51,-2.22,0.34,4.97,4.27,no_outlier_detected
244,0.5,gt1,1,119.71,11,sliderule_0244_gt1l_cyc06_20200111,2020-01-11 00:00:00,1,70.28473649512448,-161.15186398250103,2.816647108514698,2020-01-11 00:00:00,2025-09-30 00:00:00,2089.0,5.72,16,16,11,58.73,61.23,62.5,58.735,61.23,94.871,32.534,4.8,6.79,1.19,6.79,1.19,-28.0,79.0,-4.97,-7.36,0.29,25.52,8.58,True,-10.0,45.0,-1.67,0.38,0.0,13.72,4.61,True,0244,3,2025-04-01;2025-07-01;2023-01-05,-9.0,-1.57,-2.49,0.67,4.16,1.73,flagged
244,0.6,gt2,4,9.08,9,sliderule_0244_gt2r_cyc06_20200111,2020-01-11 00:00:00,1,70.25959805322688,-161.24918969622297,4.831400023923123,2020-01-11 00:00:00,2025-09-30 00:00:00,2089.0,5.72,16,16,9,51.7,51.71,52.5,51.703,51.71,5.933,2.402,4.8,6.79,1.19,6.79,1.19,-10.0,17.0,-1.7,-2.33,0.71,3.71,1.32,True,-4.0,13.0,-0.66,-1.43,0.46,3.92,1.39,True,0244,3,2024-01-03;2025-01-01;2025-04-01,-3.0,-0.52,-0.54,0.5,1.54,0.75,flagged
244,0.6,gt2,5,10.19,10,sliderule_0244_gt2r_cyc06_20200111,2020-01-11 00:00:00,1,70.25955113228119,-161.24919692702065,4.837909602667824,2020-01-11 00:00:00,2025-09-30 00:00:00,2089.0,5.72,16,16,10,51.71,51.71,52.5,51.707,51.71,5.933,2.301,4.8,6.79,1.19,6.79,1.19,-10.0,23.0,-1.7,-2.16,0.41,6.12,2.12,True,-4.0,17.0,-0.66,-1.31,0.26,5.2,1.8,True,0244,3,2023-10-04;2024-01-03;2025-01-01,-3.0,-0.52,-0.99,0.45,3.08,1.26,flagged
281,0.6,gt2,1,119.56,6,sliderule_0281_gt2l_cyc05_20191015,2019-10-15 00:00:00,-1,70.13358439193973,-143.6513466022211,10.29742058632744,2019-10-15 00:00:00,2025-01-03 00:00:00,1907.0,5.22,16,16,6,83.63,84.29,82.5,83.632,84.295,15.427,3.591,4.8,6.79,1.3,6.79,1.3,-2.0,5.0,-0.34,-0.02,0.0,2.24,1.41,True,-1.0,16.0,-0.13,-1.28,0.17,6.14,3.87,True,0281,1,2024-10-04,-1.0,-0.19,-0.17,0.07,1.46,1.15,flagged
281,0.6,gt2,2,32.31,5,sliderule_0281_gt2l_cyc11_20210412,2021-04-12 00:00:00,-1,70.13372531960526,-143.64802561167215,8.98749302984489,2021-04-12 00:00:00,2025-07-04 00:00:00,1544.0,4.23,16,16,5,84.33,84.34,82.5,84.33,84.34,3.189,2.007,4.8,6.79,1.61,6.79,1.61,-6.0,9.0,-1.34,-0.78,0.18,3.56,3.06,True,-3.0,6.0,-0.77,-0.5,0.17,2.39,2.05,True,0281,1,2021-04-12,2.0,0.57,0.51,0.66,0.68,1.1,flagged
281,0.6,gt2,7,41.61,6,sliderule_0281_gt2r_cyc05_20191015,2019-10-15 00:00:00,-1,70.13370548900139,-143.6481376518965,9.03017472447119,2019-10-15 00:00:00,2025-07-04 00:00:00,2089.0,5.72,16,16,6,84.35,84.34,82.5,84.353,84.345,4.1,2.432,4.8,6.79,1.19,6.79,1.19,-6.0,9.0,-1.05,-1.17,0.45,3.26,1.79,True,-3.0,6.0,-0.47,-0.66,0.39,2.12,1.16,True,0281,0,,-2.0,-0.35,-0.58,0.29,2.28,1.25,no_outlier_detected
342,0.6,gt3,14,60.71,4,sliderule_0342_gt3l_cyc06_20200118,2020-01-18 00:00:00,1,70.02962469887083,-144.30120870474698,2.862670125277581,2020-01-18 00:00:00,2024-04-10 00:00:00,1544.0,4.23,19,18,4,80.81,80.8,82.5,80.81,80.8,5.486,2.825,4.8,6.79,1.61,6.79,1.61,4.0,7.0,0.89,0.25,0.02,4.06,5.5,True,0.0,5.0,-0.1,-0.15,0.01,3.52,4.77,True,0342,0,,0.0,0.0,-0.06,0.0,3.53,4.79,no_outlier_detected
350,0.4,gt1,1,119.17,11,sliderule_0350_gt1l_cyc03_20190421,2019-04-21 00:00:00,1,69.96177173949019,-144.92372566647012,5.748648506154671,2019-04-21 00:00:00,2024-04-10 00:00:00,1816.0,4.97,19,19,11,83.5,82.35,82.5,83.501,82.35,2.477,1.237,4.8,6.79,1.37,6.79,1.37,-4.0,23.0,-0.79,-0.14,0.0,7.14,3.2,True,-4.0,18.0,-0.87,-0.58,0.02,6.42,2.87,True,0350,3,2021-04-16;2021-01-15;2020-10-17,-4.0,-0.8,-1.7,0.34,4.51,2.34,flagged
350,0.4,gt1,2,121.73,11,sliderule_0350_gt1r_cyc03_20190421,2019-04-21 00:00:00,1,69.9617754919245,-144.92375931933572,5.684637487461213,2019-04-21 00:00:00,2024-04-10 00:00:00,1816.0,4.97,19,19,11,88.07,88.63,87.5,88.068,88.63,14.751,1.528,4.8,6.79,1.37,6.79,1.37,-22.0,31.0,-4.46,-1.48,0.06,9.84,4.41,True,-22.0,31.0,-4.5,-1.79,0.11,8.42,3.77,True,0350,1,2019-04-21,2.0,0.47,1.16,0.17,3.81,2.07,flagged
403,0.1,gt2,1,8.06,3,sliderule_0403_gt2l_cyc03_20190424,2019-04-24 00:00:00,-1,69.99013028480867,-145.15565938659103,2.206563487497045,2019-04-24 00:00:00,2025-01-11 00:00:00,2089.0,5.72,8,7,3,67.37,67.4,67.5,67.37,67.4,3.723,1.647,4.8,6.79,1.19,6.79,1.19,-11.0,11.0,-1.89,-1.88,0.9,2.48,7.78,True,-15.0,15.0,-2.54,-2.53,0.92,3.07,9.64,True,0403,0,,-15.0,-2.54,-2.53,0.92,3.07,9.64,insufficient_data_for_flagging
427,0.3,gt2,5,12.33,6,sliderule_0427_gt2l_cyc03_20190426,2019-04-26 00:00:00,1,68.97447541174402,-164.03821077244962,12.012480505235764,2019-04-26 00:00:00,2024-10-14 00:00:00,1998.0,5.47,17,17,6,57.47,57.51,57.5,57.473,57.505,6.624,2.504,4.8,6.79,1.24,6.79,1.24,-18.0,18.0,-3.34,-2.61,0.81,3.21,1.77,True,-17.0,17.0,-3.03,-2.53,0.61,5.03,2.78,True,0427,1,2023-04-18,-16.0,-2.92,-3.02,0.85,3.54,2.35,flagged
427,0.3,gt2,9,16.92,6,sliderule_0427_gt2l_cyc03_20190426,2019-04-26 00:00:00,1,68.97442486988179,-164.0383020432079,11.956693322317234,2019-04-26 00:00:00,2024-10-14 00:00:00,1998.0,5.47,17,17,6,57.51,57.51,57.5,57.51,57.505,5.769,2.189,4.8,6.79,1.24,6.79,1.24,-18.0,18.0,-3.34,-2.53,0.65,4.4,2.58,True,-17.0,20.0,-3.03,-1.87,0.29,7.03,4.12,True,0427,3,2022-04-20;2023-04-18;2020-10-22,-16.0,-2.92,-2.88,1.0,0.41,1.21,flagged
427,0.6,gt1,1,22.97,4,sliderule_0427_gt1l_cyc05_20191024,2019-10-24 00:00:00,1,68.99017465794456,-163.95109441997377,28.44155760740363,2019-10-24 00:00:00,2024-10-14 00:00:00,1817.0,4.97,13,13,4,51.52,51.75,52.5,51.515,51.75,19.57,9.315,4.8,6.79,1.36,6.79,1.36,6.0,15.0,1.25,0.7,0.05,8.51,9.29,True,-13.0,21.0,-2.68,-2.68,0.44,8.4,9.17,True,0427,0,,-13.0,-2.61,-2.6,0.42,8.47,9.25,no_outlier_detected
427,0.6,gt1,3,8.22,3,sliderule_0427_gt1r_cyc06_20200123,2020-01-23 00:00:00,1,68.99017474996568,-163.9533544774278,22.00093577615726,2020-01-23 00:00:00,2023-04-18 00:00:00,1181.0,3.23,13,13,3,54.83,54.85,52.5,54.833,54.85,5.453,1.908,4.8,6.79,2.1,6.79,2.1,0.0,10.0,0.04,1.05,0.09,7.81,41.47,True,0.0,15.0,-0.05,1.51,0.08,12.02,63.79,True,0427,0,,0.0,-0.05,1.51,0.08,12.02,63.79,insufficient_data_for_flagging
427,0.6,gt1,4,12.92,3,sliderule_0427_gt1r_cyc05_20191024,2019-10-24 00:00:00,1,68.99028297156163,-163.95369904313998,21.08895122022818,2019-10-24 00:00:00,2022-01-19 00:00:00,818.0,2.24,13,13,3,54.81,54.81,52.5,54.813,54.81,9.137,3.549,4.8,6.79,3.03,6.79,3.03,-14.0,23.0,-6.13,-8.05,0.64,9.95,76.05,True,-5.0,22.0,-2.05,-4.8,0.24,14.3,109.28,True,0427,0,,-5.0,-2.05,-4.8,0.24,14.3,109.28,insufficient_data_for_flagging
427,0.6,gt1,6,6.76,3,sliderule_0427_gt1r_cyc05_20191024,2019-10-24 00:00:00,1,68.99031964854436,-163.9534888161876,21.425146984993276,2019-10-24 00:00:00,2021-07-21 00:00:00,636.0,1.74,13,13,3,54.81,54.81,52.5,54.813,54.81,3.165,1.558,4.8,6.79,3.9,6.79,3.9,-23.0,33.0,-13.47,-16.57,0.83,9.96,95.12,True,-22.0,29.0,-12.61,-14.91,0.88,7.41,70.74,True,0427,0,,-22.0,-12.61,-14.91,0.88,7.41,70.74,insufficient_data_for_flagging
434,0.3,gt2,5,27.65,3,sliderule_0434_gt2l_cyc19_20230418,2023-04-18 00:00:00,1,70.89337727492271,-157.70271539817048,11.91852844498576,2023-04-18 00:00:00,2024-10-14 00:00:00,545.0,1.49,18,18,3,53.62,53.26,52.5,53.617,53.26,21.182,9.17,4.8,6.79,4.55,6.79,4.55,-10.0,19.0,-6.92,-9.61,0.65,7.93,89.05,True,-17.0,17.0,-11.16,-8.64,0.63,7.41,83.25,True,0434,0,,-17.0,-11.16,-8.64,0.63,7.41,83.25,insufficient_data_for_flagging
434,0.3,gt2,6,55.07,5,sliderule_0434_gt2l_cyc10_20210121,2021-01-21 00:00:00,1,70.89357556558642,-157.69859417062156,13.479105190645686,2021-01-21 00:00:00,2022-07-20 00:00:00,545.0,1.49,18,18,5,53.54,52.84,52.5,53.542,52.84,29.437,10.003,4.8,6.79,4.55,6.79,4.55,-10.0,68.0,-6.42,-23.48,0.3,26.81,66.26,True,-5.0,33.0,-3.08,-8.74,0.19,13.36,33.02,True,0434,1,2021-01-21,-5.0,-3.08,-8.74,0.19,13.36,33.02,flagged
434,0.6,gt3,7,133.22,8,sliderule_0434_gt3r_cyc06_20200124,2020-01-24 00:00:00,1,70.91650202607376,-157.61485528992424,22.02980871159086,2020-01-24 00:00:00,2025-07-14 00:00:00,1998.0,5.47,16,16,8,59.59,60.1,62.5,59.591,60.105,77.822,44.823,4.8,6.79,1.24,6.79,1.24,-96.0,96.0,-17.51,-8.69,0.2,33.19,17.31,True,-18.0,31.0,-3.28,-2.86,0.23,10.08,5.26,True,0434,0,,-18.0,-3.29,-2.87,0.23,10.2,5.32,no_outlier_detected
434,0.6,gt3,9,127.5,5,sliderule_0434_gt3l_cyc10_20210121,2021-01-21 00:00:00,1,70.91627809715901,-157.6200476155849,22.637150725024025,2021-01-21 00:00:00,2023-07-18 00:00:00,908.0,2.49,16,16,5,72.77,69.92,67.5,72.774,69.92,46.591,17.312,4.8,6.79,2.73,6.79,2.73,-45.0,62.0,-18.0,-24.59,0.7,18.5,29.32,True,-6.0,15.0,-2.6,-4.48,0.53,4.88,7.73,True,0434,0,,-6.0,-2.41,-4.35,0.51,4.98,7.89,no_outlier_detected
442,0.3,gt1,1,32.75,8,sliderule_0442_gt1l_cyc06_20200124,2020-01-24 00:00:00,1,70.94306903141252,-157.52079523382596,12.85324688944407,2020-01-24 00:00:00,2025-01-14 00:00:00,1817.0,4.97,16,16,8,46.61,46.59,47.5,46.612,46.59,31.255,16.468,4.8,6.79,1.36,6.79,1.36,2.0,22.0,0.4,1.08,0.04,8.76,5.22,True,-10.0,12.0,-2.07,-1.76,0.47,3.1,1.85,True,0442,3,2020-01-24;2023-04-19;2023-07-19,0.0,0.0,-0.06,0.02,0.63,0.78,flagged
442,0.3,gt1,2,16.43,5,sliderule_0442_gt1r_cyc14_20220120,2022-01-20 00:00:00,1,70.94316480584308,-157.5231416924641,12.024631954197996,2022-01-20 00:00:00,2025-01-14 00:00:00,1090.0,2.98,16,16,5,53.45,55.63,57.5,53.454,55.63,14.104,4.864,4.8,6.79,2.27,6.79,2.27,-15.0,21.0,-4.93,-2.81,0.17,8.09,11.37,True,-16.0,17.0,-5.37,-4.9,0.46,6.98,9.82,True,0442,0,,-16.0,-5.36,-4.82,0.45,6.93,9.75,no_outlier_detected
442,0.3,gt1,5,14.8,4,sliderule_0442_gt1r_cyc14_20220120,2022-01-20 00:00:00,1,70.94315597667367,-157.52312210215305,12.048279375780377,2022-01-20 00:00:00,2025-01-14 00:00:00,1090.0,2.98,16,16,4,52.23,52.77,47.5,52.23,52.77,14.104,5.803,4.8,6.79,2.27,6.79,2.27,-15.0,21.0,-4.93,-3.09,0.2,9.72,18.95,True,-16.0,17.0,-5.37,-4.64,0.43,8.36,16.29,True,0442,0,,-16.0,-5.36,-4.58,0.42,8.32,16.23,no_outlier_detected
442,0.5,gt2,7,106.53,10,sliderule_0442_gt2r_cyc05_20191025,2019-10-25 00:00:00,1,70.9150482464982,-157.62287048965896,23.190728267185104,2019-10-25 00:00:00,2025-01-14 00:00:00,1908.0,5.22,14,14,10,52.59,55.17,57.5,52.594,55.17,72.969,37.423,4.8,6.79,1.3,6.79,1.3,66.0,77.0,12.57,3.01,0.03,32.42,14.0,True,3.0,18.0,0.53,0.89,0.07,6.06,2.62,True,0442,0,,2.0,0.38,0.82,0.06,6.13,2.65,no_outlier_detected
488,0.5,gt1,1,33.38,7,sliderule_0488_gt1l_cyc03_20190430,2019-04-30 00:00:00,1,68.89802450780705,-164.76101669816896,28.50000993128592,2019-04-30 00:00:00,2024-10-18 00:00:00,1998.0,5.47,12,12,7,77.18,77.18,77.5,77.174,77.18,7.041,3.304,4.8,6.79,1.24,6.79,1.24,1.0,9.0,0.2,0.68,0.24,2.94,1.4,True,-5.0,11.0,-0.87,-0.33,0.03,4.63,2.21,True,0488,3,2024-04-19;2023-04-22;2024-10-18,-7.0,-1.34,-1.3,0.99,0.39,0.4,flagged
488,0.6,gt2,9,15.61,3,sliderule_0488_gt2r_cyc06_20200127,2020-01-27 00:00:00,1,68.89375754891934,-164.8461534855701,11.62649209203594,2020-01-27 00:00:00,2025-07-17 00:00:00,1998.0,5.47,14,13,3,80.55,80.55,82.5,80.55,80.55,2.234,0.928,4.8,6.79,1.24,6.79,1.24,-10.0,12.0,-1.83,-1.83,0.61,5.64,18.54,True,-9.0,9.0,-1.73,-1.73,0.78,3.59,11.81,True,0488,0,,-9.0,-1.73,-1.73,0.78,3.59,11.81,insufficient_data_for_flagging
488,0.6,gt2,10,6.57,3,sliderule_0488_gt2r_cyc19_20230422,2023-04-22 00:00:00,1,68.89373322059726,-164.84649044773124,12.028243042992948,2023-04-22 00:00:00,2024-10-18 00:00:00,545.0,1.49,14,13,3,80.56,80.56,82.5,80.557,80.56,1.265,0.466,4.8,6.79,4.55,6.79,4.55,-13.0,15.0,-8.39,-6.77,0.39,9.02,106.66,True,-13.0,14.0,-8.48,-7.03,0.47,8.08,95.52,True,0488,0,,-13.0,-8.48,-7.03,0.47,8.08,95.52,insufficient_data_for_flagging
488,0.6,gt2,11,24.19,6,sliderule_0488_gt2r_cyc06_20200127,2020-01-27 00:00:00,1,68.89374969924337,-164.84626229762483,11.827367567514443,2020-01-27 00:00:00,2025-07-17 00:00:00,1998.0,5.47,14,13,6,80.55,80.56,82.5,80.553,80.555,2.234,1.2,4.8,6.79,1.24,6.79,1.24,-10.0,22.0,-1.83,-1.06,0.07,8.69,5.57,True,-9.0,22.0,-1.73,-0.78,0.03,9.06,5.81,True,0488,1,2024-04-19,-9.0,-1.65,-1.37,0.16,7.68,5.77,flagged
488,0.6,gt2,12,3.68,3,sliderule_0488_gt2l_cyc03_20190430,2019-04-30 00:00:00,1,68.89378570402455,-164.84408071077831,7.668099934559696,2019-04-30 00:00:00,2024-07-19 00:00:00,1907.0,5.22,14,13,3,80.53,80.56,82.5,80.533,80.56,0.591,0.334,4.8,6.79,1.3,6.79,1.3,-13.0,13.0,-2.57,-2.51,1.0,0.56,1.79,True,-14.0,14.0,-2.69,-2.6,0.99,0.81,2.57,True,0488,0,,-14.0,-2.69,-2.6,0.99,0.81,2.57,insufficient_data_for_flagging
495,0.4,gt1,1,163.32,7,sliderule_0495_gt1l_cyc03_20190430,2019-04-30 00:00:00,-1,70.79197074671146,-158.5295143033416,7.028400943645324,2019-04-30 00:00:00,2025-01-17 00:00:00,2089.0,5.72,19,19,7,87.27,85.79,87.5,87.269,85.79,2.636,1.103,4.8,6.79,1.19,6.79,1.19,-15.0,31.0,-2.64,-0.79,0.03,10.44,5.64,True,-15.0,31.0,-2.6,-0.99,0.04,10.6,5.73,True,0495,3,2020-10-26;2023-04-22;2022-01-23,-14.0,-2.45,-2.54,0.99,0.79,0.78,flagged
495,0.4,gt1,2,54.53,5,sliderule_0495_gt1l_cyc06_20200128,2020-01-28 00:00:00,-1,70.79215057909727,-158.52543321558247,6.741766163106524,2020-01-28 00:00:00,2025-01-17 00:00:00,1816.0,4.97,19,19,5,85.65,85.71,87.5,85.646,85.71,4.102,1.814,4.8,6.79,1.37,6.79,1.37,-1.0,21.0,-0.18,0.48,0.01,10.36,7.76,True,-2.0,25.0,-0.41,0.21,0.0,12.31,9.22,True,0495,2,2021-04-26;2024-01-20,-2.0,-0.4,-0.43,0.96,0.31,1.05,flagged
495,0.4,gt1,4,51.7,3,sliderule_0495_gt1r_cyc06_20200128,2020-01-28 00:00:00,1,70.79224555954808,-158.52163306049678,5.673562271347298,2020-01-28 00:00:00,2022-10-23 00:00:00,999.0,2.74,19,19,3,76.98,77.05,77.5,76.98,77.05,11.942,4.026,4.8,6.79,2.48,6.79,2.48,-18.0,19.0,-6.47,-6.99,0.82,6.42,41.7,True,-30.0,31.0,-10.83,-11.65,0.84,10.03,65.1,True,0495,0,,-30.0,-10.83,-11.65,0.84,10.03,65.1,insufficient_data_for_flagging
495,0.4,gt1,5,40.72,3,sliderule_0495_gt1l_cyc06_20200128,2020-01-28 00:00:00,-1,70.79217284751769,-158.5242466387775,6.495740035308547,2020-01-28 00:00:00,2021-04-26 00:00:00,454.0,1.24,19,19,3,85.1,85.4,87.5,85.103,85.4,3.724,1.334,4.8,6.79,5.46,6.79,5.46,-1.0,1.0,-0.61,-0.35,0.18,0.69,9.45,True,3.0,3.0,2.39,1.72,0.43,1.82,24.91,True,0495,0,,3.0,2.39,1.72,0.43,1.82,24.91,insufficient_data_for_flagging
495,0.5,gt2,7,142.53,6,sliderule_0495_gt2l_cyc09_20201026,2020-10-26 00:00:00,-1,70.79689921172674,-158.44223263371072,8.776690032937603,2020-10-26 00:00:00,2024-10-18 00:00:00,1453.0,3.98,20,20,6,70.85,74.82,77.5,70.847,74.82,52.332,21.662,4.8,6.79,1.71,6.79,1.71,6.0,73.0,1.46,2.5,0.02,29.31,25.15,True,5.0,48.0,1.36,-0.1,0.0,22.28,19.11,True,0495,3,2022-04-24;2023-04-22;2020-10-26,-3.0,-1.1,-1.08,1.0,0.14,0.92,flagged
495,0.5,gt2,8,161.94,8,sliderule_0495_gt2l_cyc03_20190430,2019-04-30 00:00:00,-1,70.797086631914,-158.43811188500416,8.267888665666765,2019-04-30 00:00:00,2025-01-17 00:00:00,2089.0,5.72,20,20,8,76.1,72.45,72.5,76.105,72.455,35.847,15.804,4.8,6.79,1.19,6.79,1.19,-1.0,55.0,-0.23,-2.19,0.05,20.73,9.87,True,-3.0,58.0,-0.47,-2.97,0.08,20.75,9.87,True,0495,0,,-3.0,-0.52,-2.99,0.08,20.95,9.97,no_outlier_detected
495,0.5,gt2,9,167.81,5,sliderule_0495_gt2r_cyc06_20200128,2020-01-28 00:00:00,-1,70.797182399577,-158.43558583863864,7.903626338103132,2020-01-28 00:00:00,2025-01-17 00:00:00,1816.0,4.97,20,20,5,70.65,72.27,57.5,70.65,72.27,32.557,10.697,4.8,6.79,1.37,6.79,1.37,24.0,28.0,4.88,3.88,0.37,11.37,9.36,True,-8.0,12.0,-1.67,-1.72,0.48,3.96,3.26,True,0495,2,2025-01-17;2021-04-26,3.0,1.1,1.1,1.0,0.07,0.46,flagged
495,0.5,gt2,10,35.06,3,sliderule_0495_gt2l_cyc11_20210426,2021-04-26 00:00:00,-1,70.79706802918541,-158.4387804018354,8.296122300404685,2021-04-26 00:00:00,2024-01-20 00:00:00,999.0,2.74,20,20,3,82.18,87.05,87.5,82.18,87.05,8.113,2.856,4.8,6.79,2.48,6.79,2.48,-12.0,23.0,-4.38,-5.38,0.42,12.38,80.31,True,-4.0,14.0,-1.42,-2.19,0.17,9.64,62.52,True,0495,0,,-4.0,-1.42,-2.19,0.17,9.64,62.52,insufficient_data_for_flagging
495,0.5,gt2,11,146.84,8,sliderule_0495_gt2l_cyc03_20190430,2019-04-30 00:00:00,-1,70.79690344083625,-158.4421750153991,8.693162125398276,2019-04-30 00:00:00,2025-01-17 00:00:00,2089.0,5.72,20,20,8,69.46,70.08,72.5,69.456,70.085,51.052,14.367,4.8,6.79,1.19,6.79,1.19,-1.0,67.0,-0.23,3.6,0.09,24.56,11.44,True,-3.0,68.0,-0.47,2.38,0.06,20.07,9.35,True,0495,3,2023-04-22;2022-04-24;2024-10-18,-3.0,-0.52,0.05,0.0,4.36,2.98,flagged
495,0.6,gt3,12,169.8,8,sliderule_0495_gt3l_cyc03_20190430,2019-04-30 00:00:00,1,70.81156747295876,-158.3578063705369,1.7117849555937228,2019-04-30 00:00:00,2025-01-17 00:00:00,2089.0,5.72,20,20,8,69.0,70.64,67.5,69.0,70.64,79.862,17.45,4.8,6.79,1.19,6.79,1.19,-3.0,138.0,-0.44,-1.09,0.0,56.2,25.53,True,-2.0,114.0,-0.41,3.3,0.03,44.78,20.34,True,0495,0,,-2.0,-0.35,3.35,0.03,44.55,20.23,no_outlier_detected
495,0.6,gt3,13,75.9,4,sliderule_0495_gt3l_cyc06_20200128,2020-01-28 00:00:00,1,70.81175980778595,-158.3530608667925,1.0527611541714863,2020-01-28 00:00:00,2022-10-23 00:00:00,999.0,2.74,20,20,4,81.82,81.84,82.5,81.823,81.84,10.849,4.449,4.8,6.79,2.48,6.79,2.48,-114.0,118.0,-41.75,-43.88,0.77,33.01,72.58,True,-125.0,125.0,-45.72,-48.02,0.8,33.08,72.72,True,0495,1,2022-10-23,-2.0,-1.61,-4.31,0.23,7.26,99.3,flagged
495,0.6,gt3,15,166.28,7,sliderule_0495_gt3l_cyc03_20190430,2019-04-30 00:00:00,1,70.81155577453441,-158.357868592012,1.810357340227544,2019-04-30 00:00:00,2025-01-17 00:00:00,2089.0,5.72,20,20,7,64.82,67.25,67.5,64.821,67.25,44.241,12.479,4.8,6.79,1.19,6.79,1.19,-3.0,114.0,-0.44,-0.95,0.0,41.23,20.37,True,-2.0,67.0,-0.41,0.04,0.0,25.23,12.46,True,0495,1,2023-04-22,-2.0,-0.35,1.13,0.05,12.6,6.76,flagged
503,0.4,gt3,2,106.85,8,sliderule_0503_gt3l_cyc03_20190501,2019-05-01 00:00:00,-1,70.79175752296192,-158.5390769265329,6.657515358748231,2019-05-01 00:00:00,2024-01-20 00:00:00,1725.0,4.72,14,14,8,77.01,75.73,77.5,77.005,75.735,27.402,22.469,4.8,6.79,1.44,6.79,1.44,-17.0,18.0,-3.5,-0.73,0.03,8.1,4.23,True,-43.0,43.0,-9.01,-3.76,0.22,13.36,6.97,True,0503,1,2019-05-01,-4.0,-0.95,-0.19,0.0,7.49,4.73,flagged
533,0.5,gt3,1,109.03,11,sliderule_0533_gt3l_cyc03_20190503,2019-05-03 00:00:00,1,70.18578574325458,-147.34891454647456,1.1251618619892942,2019-05-03 00:00:00,2025-04-20 00:00:00,2179.0,5.97,16,16,11,82.26,82.26,82.5,82.261,82.26,13.438,3.706,4.8,6.79,1.14,6.79,1.14,18.0,54.0,2.98,0.82,0.01,14.52,5.1,True,31.0,65.0,5.13,1.89,0.05,18.46,6.48,True,0533,3,2021-04-28;2025-04-20;2021-01-27,4.0,0.73,-0.15,0.0,4.69,2.12,flagged
533,0.5,gt3,2,119.15,11,sliderule_0533_gt3l_cyc03_20190503,2019-05-03 00:00:00,1,70.18579019235067,-147.3490421717238,1.2168123275706504,2019-05-03 00:00:00,2025-04-20 00:00:00,2179.0,5.97,16,16,11,82.27,82.26,82.5,82.267,82.26,14.607,9.156,4.8,6.79,1.14,6.79,1.14,18.0,34.0,2.98,-1.17,0.05,11.21,3.94,True,31.0,49.0,5.13,-1.34,0.03,17.19,6.04,True,0533,3,2022-10-25;2019-05-03;2023-04-25,2.0,0.38,-2.54,0.22,10.9,4.73,flagged
564,0.6,gt1,2,98.13,10,sliderule_0564_gt1l_cyc06_20200201,2020-02-01 00:00:00,-1,70.82145424367236,-159.12767860665122,5.267971458192095,2020-02-01 00:00:00,2025-04-22 00:00:00,1907.0,5.22,21,20,10,45.14,45.12,47.5,45.136,45.125,69.059,22.049,4.8,6.79,1.3,6.79,1.3,27.0,112.0,5.08,9.35,0.24,31.76,13.56,True,-1.0,16.0,-0.29,0.56,0.04,5.46,2.33,True,0564,3,2020-10-31;2024-07-24;2021-10-29,-1.0,-0.19,-0.49,0.12,2.61,1.51,flagged
564,0.6,gt1,4,115.74,8,sliderule_0564_gt1l_cyc06_20200201,2020-02-01 00:00:00,-1,70.82144667352236,-159.12720461458971,5.01932854069792,2020-02-01 00:00:00,2025-01-22 00:00:00,1817.0,4.97,21,20,8,45.13,45.12,47.5,45.134,45.125,93.848,54.792,4.8,6.79,1.36,6.79,1.36,-88.0,163.0,-17.65,-15.03,0.24,52.66,26.56,True,-8.0,59.0,-1.57,-4.82,0.22,18.01,9.08,True,0564,3,2024-07-24;2024-01-24;2020-10-31,-7.0,-1.41,-1.2,0.51,2.58,2.14,flagged
586,0.5,gt3,9,56.24,6,sliderule_0586_gt3l_cyc10_20210131,2021-01-31 00:00:00,-1,70.19841663630723,-147.48179528849184,2.7335187572880923,2021-01-31 00:00:00,2024-10-24 00:00:00,1362.0,3.73,16,16,6,58.08,58.1,57.5,58.075,58.1,34.4,16.753,4.8,6.79,1.82,6.79,1.82,24.0,28.0,6.47,4.99,0.31,11.65,10.32,True,3.0,14.0,0.9,1.46,0.16,5.26,4.66,True,0586,3,2021-10-30;2024-01-26;2022-04-30,3.0,0.8,0.81,0.98,0.33,1.57,flagged
586,0.5,gt3,13,92.14,7,sliderule_0586_gt3l_cyc06_20200203,2020-02-03 00:00:00,-1,70.19847086284756,-147.4798812091073,2.3088297775085382,2020-02-03 00:00:00,2024-01-26 00:00:00,1453.0,3.98,16,16,7,58.04,57.85,57.5,58.04,57.85,51.759,22.909,4.8,6.79,1.71,6.79,1.71,29.0,64.0,7.22,4.61,0.06,27.08,21.49,True,9.0,12.0,2.24,1.28,0.1,5.55,4.41,True,0586,3,2020-02-03;2021-10-30;2023-01-27,-3.0,-1.01,-1.02,0.84,0.73,1.33,flagged
632,0.3,gt3,1,176.12,11,sliderule_0632_gt3l_cyc06_20200206,2020-02-06 00:00:00,-1,70.76890512842454,-154.18671003043838,1.896633981613279,2020-02-06 00:00:00,2025-10-25 00:00:00,2088.0,5.72,25,23,11,52.35,50.34,52.5,52.347,50.34,63.938,31.416,4.8,6.79,1.19,6.79,1.19,5.0,149.0,0.88,-3.02,0.02,45.97,16.91,True,-18.0,25.0,-3.18,-0.95,0.04,9.28,3.41,True,0632,0,,-18.0,-3.15,-0.92,0.04,9.19,3.38,no_outlier_detected
632,0.3,gt3,2,42.03,4,sliderule_0632_gt3r_cyc07_20200506,2020-05-06 00:00:00,-1,70.76902478610076,-154.18294125862408,1.9889322496048616,2020-05-06 00:00:00,2024-01-29 00:00:00,1363.0,3.73,25,23,4,57.78,57.8,57.5,57.78,57.805,25.896,9.384,4.8,6.79,1.82,6.79,1.82,-19.0,40.0,-5.03,-6.65,0.42,15.83,23.94,True,-13.0,15.0,-3.48,-3.67,0.82,3.44,5.2,True,0632,0,,-13.0,-3.48,-3.68,0.85,3.09,4.67,no_outlier_detected
632,0.3,gt3,3,154.88,13,sliderule_0632_gt3r_cyc06_20200206,2020-02-06 00:00:00,-1,70.76899586331686,-154.18447438190415,2.0015033951608787,2020-02-06 00:00:00,2025-10-25 00:00:00,2088.0,5.72,25,23,13,56.82,57.78,57.5,56.822,57.78,58.467,24.039,4.8,6.79,1.19,6.79,1.19,-4.0,112.0,-0.66,0.32,0.0,32.86,10.51,True,-11.0,26.0,-2.01,-1.61,0.25,5.74,1.84,True,0632,3,2025-10-25;2020-05-06;2024-04-29,0.0,0.0,-0.47,0.06,3.46,1.47,flagged
662,0.3,gt1,1,14.58,4,sliderule_0662_gt1r_cyc10_20210205,2021-02-05 00:00:00,-1,70.01908056824097,-142.65313065278855,4.964060938611129,2021-02-05 00:00:00,2025-04-29 00:00:00,1544.0,4.23,17,16,4,45.77,45.78,47.5,45.773,45.78,13.868,7.871,4.8,6.79,1.61,6.79,1.61,3.0,18.0,0.78,-0.55,0.02,9.42,12.93,True,-11.0,17.0,-2.5,-3.18,0.67,4.95,6.8,True,0662,0,,-11.0,-2.6,-3.25,0.7,4.75,6.52,no_outlier_detected
662,0.3,gt1,3,69.7,6,sliderule_0662_gt1l_cyc09_20201106,2020-11-06 00:00:00,-1,70.01891187959792,-142.6561255218805,5.611398594133885,2020-11-06 00:00:00,2025-04-29 00:00:00,1635.0,4.48,17,16,6,44.3,45.69,47.5,44.3,45.69,53.875,33.374,4.8,6.79,1.52,6.79,1.52,-28.0,36.0,-6.25,-2.87,0.1,15.78,12.07,True,11.0,45.0,2.4,0.18,0.0,18.12,13.86,True,0662,2,2022-08-04;2020-11-06,-8.0,-1.89,-1.63,0.61,2.9,3.98,flagged
662,0.3,gt1,5,62.25,6,sliderule_0662_gt1r_cyc07_20200508,2020-05-08 00:00:00,-1,70.01896752639847,-142.65584189506626,5.612916109662417,2020-05-08 00:00:00,2025-04-29 00:00:00,1817.0,4.97,17,16,6,45.1,45.74,47.5,45.095,45.745,74.217,23.938,4.8,6.79,1.36,6.79,1.36,18.0,46.0,3.68,-0.14,0.0,17.53,11.81,True,-6.0,29.0,-1.26,0.54,0.01,11.88,8.0,True,0662,1,2020-11-06,-7.0,-1.41,-1.64,0.7,2.42,1.99,flagged
662,0.3,gt1,6,26.69,3,sliderule_0662_gt1l_cyc05_20191109,2019-11-09 00:00:00,-1,70.01902138810978,-142.6535785870179,5.12266805966058,2019-11-09 00:00:00,2025-04-29 00:00:00,1998.0,5.47,17,16,3,45.75,45.76,47.5,45.75,45.76,26.119,16.536,4.8,6.79,1.24,6.79,1.24,-32.0,32.0,-5.8,-5.72,0.98,3.07,10.05,True,-8.0,18.0,-1.51,-1.79,0.31,10.34,33.77,True,0662,0,,-8.0,-1.51,-1.79,0.31,10.34,33.77,insufficient_data_for_flagging
670,0.4,gt1,1,96.93,7,sliderule_0670_gt1r_cyc05_20191109,2019-11-09 00:00:00,1,70.07850674015576,-143.06461458176432,3.543859991367459,2019-11-09 00:00:00,2024-10-30 00:00:00,1817.0,4.97,15,13,7,84.65,85.1,87.5,84.653,85.1,7.731,1.981,4.8,6.79,1.36,6.79,1.36,6.0,8.0,1.12,0.36,0.04,3.38,1.91,True,2.0,16.0,0.35,-0.58,0.04,5.7,3.22,True,0670,0,,2.0,0.4,-0.55,0.04,5.65,3.2,no_outlier_detected
686,0.3,gt2,5,9.99,5,sliderule_0686_gt2r_cyc06_20200209,2020-02-09 00:00:00,1,70.32234327410417,-160.96616044605264,4.536378799882685,2020-02-09 00:00:00,2025-10-29 00:00:00,2089.0,5.72,10,10,5,67.6,67.55,67.5,67.596,67.55,3.501,1.687,4.8,6.79,1.19,6.79,1.19,0.0,13.0,-0.04,-0.32,0.02,6.55,3.97,True,-4.0,17.0,-0.66,-0.98,0.16,6.75,4.09,True,0686,0,,-4.0,-0.7,-1.04,0.17,6.84,4.14,no_outlier_detected
686,0.5,gt1,1,116.33,6,sliderule_0686_gt1r_cyc06_20200209,2020-02-09 00:00:00,1,70.33694221431634,-160.87217770186538,5.571288224370659,2020-02-09 00:00:00,2025-10-29 00:00:00,2089.0,5.72,11,11,6,61.65,59.05,57.5,61.647,59.045,122.84,54.877,4.8,6.79,1.19,6.79,1.19,46.0,80.0,8.12,6.73,0.37,23.15,12.23,True,-9.0,48.0,-1.54,-4.8,0.39,15.85,8.38,True,0686,1,2025-01-30,-9.0,-1.57,-1.86,0.52,4.86,3.31,flagged
723,0.3,gt2,7,131.97,6,sliderule_0723_gt2l_cyc03_20190515,2019-05-15 00:00:00,-1,70.0908467462606,-143.37647968486226,2.062340933739532,2019-05-15 00:00:00,2025-02-01 00:00:00,2089.0,5.72,16,15,6,76.5,75.25,77.5,76.503,75.25,26.1,7.619,4.8,6.79,1.19,6.79,1.19,-1.0,25.0,-0.23,0.63,0.02,11.72,6.49,True,-2.0,7.0,-0.26,-0.51,0.24,2.23,1.23,True,0723,1,2022-02-07,-2.0,-0.35,-0.55,0.56,1.39,0.89,flagged
723,0.3,gt2,9,9.38,3,sliderule_0723_gt2l_cyc06_20200212,2020-02-12 00:00:00,-1,70.09108691753524,-143.37133207429832,1.3065254187215734,2020-02-12 00:00:00,2025-05-03 00:00:00,1907.0,5.22,16,15,3,83.52,83.87,82.5,83.517,83.87,0.978,0.374,4.8,6.79,1.3,6.79,1.3,0.0,3.0,-0.06,-0.22,0.19,1.79,5.81,True,1.0,2.0,0.13,-0.01,0.0,1.54,4.98,True,0723,0,,1.0,0.13,-0.01,0.0,1.54,4.98,insufficient_data_for_flagging
723,0.6,gt1,5,147.52,8,sliderule_0723_gt1l_cyc03_20190515,2019-05-15 00:00:00,1,70.08746273338674,-143.45821512460694,1.247385872831442,2019-05-15 00:00:00,2025-05-03 00:00:00,2180.0,5.97,16,16,8,56.57,55.61,42.5,56.567,55.61,104.855,57.051,4.8,6.79,1.14,6.79,1.14,23.0,24.0,3.86,2.93,0.56,5.85,2.6,True,18.0,114.0,3.07,-3.75,0.03,48.76,21.7,True,0723,2,2025-05-03;2020-11-10,-68.0,-11.89,-11.52,0.49,25.41,16.36,flagged
792,0.6,gt1,1,22.23,5,sliderule_0792_gt1l_cyc06_20200216,2020-02-16 00:00:00,1,69.96517807308348,-144.6624946279319,15.78822159273275,2020-02-16 00:00:00,2024-02-08 00:00:00,1453.0,3.98,14,12,5,81.32,81.32,82.5,81.322,81.32,3.388,1.355,4.8,6.79,1.71,6.79,1.71,-1.0,9.0,-0.32,-0.89,0.16,3.55,3.8,True,2.0,7.0,0.53,-0.08,0.0,3.32,3.55,True,0792,0,,2.0,0.5,-0.12,0.0,3.5,3.74,no_outlier_detected
792,0.6,gt1,2,30.71,7,sliderule_0792_gt1r_cyc06_20200216,2020-02-16 00:00:00,1,69.96528487676376,-144.6646885930059,17.67777438102789,2020-02-16 00:00:00,2024-02-08 00:00:00,1453.0,3.98,14,12,7,81.31,81.3,82.5,81.307,81.3,3.616,1.31,4.8,6.79,1.71,6.79,1.71,-7.0,12.0,-1.71,-1.85,0.35,3.61,2.87,True,-3.0,10.0,-0.8,-0.85,0.14,3.13,2.48,True,0792,0,,-3.0,-0.75,-0.76,0.12,3.03,2.41,no_outlier_detected
792,0.6,gt2,7,28.06,7,sliderule_0792_gt2r_cyc06_20200216,2020-02-16 00:00:00,-1,69.9705507138486,-144.74831324860173,9.630696780520754,2020-02-16 00:00:00,2025-05-07 00:00:00,1907.0,5.22,18,18,7,73.5,73.5,72.5,73.494,73.5,7.601,1.434,4.8,6.79,1.3,6.79,1.3,-3.0,16.0,-0.57,-1.34,0.24,4.63,2.76,True,-3.0,23.0,-0.64,-2.04,0.24,7.0,4.17,True,0792,3,2024-02-08;2022-02-12;2023-02-10,-4.0,-0.77,-0.83,0.96,0.46,0.5,flagged
792,0.6,gt2,8,24.24,8,sliderule_0792_gt2r_cyc06_20200216,2020-02-16 00:00:00,-1,69.97051259364989,-144.74775153475633,9.780017273915604,2020-02-16 00:00:00,2025-05-07 00:00:00,1907.0,5.22,18,18,8,73.51,73.52,72.5,73.505,73.52,6.648,1.319,4.8,6.79,1.3,6.79,1.3,-3.0,9.0,-0.57,-1.0,0.24,3.24,1.77,True,-3.0,16.0,-0.64,-1.64,0.3,4.62,2.52,True,0792,3,2020-05-17;2022-02-12;2022-11-11,-4.0,-0.77,-0.74,0.68,1.16,0.93,flagged
823,0.4,gt1,1,99.41,7,sliderule_0823_gt1r_cyc06_20200218,2020-02-18 00:00:00,-1,71.26101278948583,-156.355832763342,1.0434114528362457,2020-02-18 00:00:00,2024-02-10 00:00:00,1453.0,3.98,12,12,7,74.9,79.05,77.5,74.901,79.05,17.983,11.489,4.8,6.79,1.71,6.79,1.71,-25.0,31.0,-6.22,-3.19,0.21,9.22,7.07,True,-9.0,22.0,-2.24,-1.16,0.05,7.84,6.01,True,0823,3,2021-08-16;2020-11-17;2022-02-14,-9.0,-2.26,-2.51,0.95,1.32,1.81,flagged
823,0.4,gt1,2,27.59,7,sliderule_0823_gt1r_cyc06_20200218,2020-02-18 00:00:00,-1,71.26107802811998,-156.35736287377935,1.103125039545501,2020-02-18 00:00:00,2024-02-10 00:00:00,1453.0,3.98,12,12,7,65.34,64.55,62.5,65.341,64.55,9.608,2.836,4.8,6.79,1.71,6.79,1.71,-9.0,19.0,-2.32,-2.19,0.21,6.31,4.83,True,-11.0,22.0,-2.87,-3.73,0.34,7.74,5.93,True,0823,2,2021-08-16;2023-02-12,-12.0,-3.02,-3.1,0.92,1.64,1.69,flagged
845,0.3,gt2,4,127.54,5,sliderule_0845_gt2l_cyc09_20201118,2020-11-18 00:00:00,1,69.96563228562694,-144.88847266067677,3.763806260713814,2020-11-18 00:00:00,2025-02-09 00:00:00,1544.0,4.23,12,10,5,57.46,57.89,57.5,57.462,57.89,44.894,30.445,4.8,6.79,1.61,6.79,1.61,55.0,79.0,13.04,14.86,0.41,33.06,32.85,True,18.0,22.0,4.17,2.58,0.21,9.23,9.17,True,0845,2,2020-11-18;2025-02-09,-3.0,-2.41,-2.3,0.98,0.31,4.19,flagged
845,0.3,gt2,5,114.58,5,sliderule_0845_gt2r_cyc09_20201118,2020-11-18 00:00:00,1,69.9657210133417,-144.8859797411317,3.604793463122409,2020-11-18 00:00:00,2025-02-09 00:00:00,1544.0,4.23,12,10,5,57.66,58.11,57.5,57.66,58.11,48.12,31.796,4.8,6.79,1.61,6.79,1.61,37.0,75.0,8.75,11.2,0.3,31.46,31.26,True,-4.0,5.0,-0.96,-0.38,0.06,2.93,2.91,True,0845,2,2020-11-18;2023-02-13,1.0,0.31,0.32,1.0,0.06,0.28,flagged
876,0.6,gt1,1,31.13,3,sliderule_0876_gt1r_cyc13_20211118,2021-11-18 00:00:00,1,70.93718364573692,-157.54317266307083,17.372319106109284,2021-11-18 00:00:00,2023-11-15 00:00:00,727.0,1.99,11,10,3,56.83,56.57,57.5,56.827,56.57,13.895,6.685,4.8,6.79,3.41,6.79,3.41,14.0,16.0,6.96,6.96,0.66,7.03,63.38,True,0.0,5.0,-0.02,-0.01,0.0,3.69,33.25,True,0876,0,,0.0,-0.02,-0.01,0.0,3.69,33.25,insufficient_data_for_flagging
876,0.6,gt1,2,155.75,6,sliderule_0876_gt1r_cyc12_20210820,2021-08-20 00:00:00,1,70.93706936340801,-157.54608302602276,16.577057033246266,2021-08-20 00:00:00,2025-02-11 00:00:00,1271.0,3.48,11,10,6,57.28,56.69,57.5,57.278,56.69,94.471,34.12,4.8,6.79,1.95,6.79,1.95,-19.0,103.0,-5.49,-13.05,0.27,35.0,29.55,True,-3.0,15.0,-0.73,-2.34,0.42,4.53,3.82,True,0876,0,,-3.0,-0.86,-2.33,0.42,4.54,3.84,no_outlier_detected
876,0.6,gt1,3,121.78,6,sliderule_0876_gt1r_cyc12_20210820,2021-08-20 00:00:00,1,70.93711714096271,-157.54526380406438,16.73947267498093,2021-08-20 00:00:00,2025-02-11 00:00:00,1271.0,3.48,11,10,6,57.28,56.57,57.5,57.277,56.575,65.515,28.002,4.8,6.79,1.95,6.79,1.95,-62.0,72.0,-17.71,-13.64,0.42,23.05,22.17,True,4.0,7.0,1.11,0.31,0.02,2.89,2.78,True,0876,2,2021-11-18;2023-02-15,4.0,1.15,1.21,0.88,0.82,1.37,flagged
876,0.6,gt2,4,123.71,8,sliderule_0876_gt2l_cyc07_20200522,2020-05-22 00:00:00,1,70.96008817900179,-157.46482829979607,11.699857779942889,2020-05-22 00:00:00,2025-02-11 00:00:00,1726.0,4.73,15,14,8,52.71,52.01,52.5,52.714,52.015,96.748,36.083,4.8,6.79,1.44,6.79,1.44,14.0,91.0,2.92,6.62,0.1,30.95,19.66,True,-4.0,15.0,-0.79,0.35,0.01,4.85,3.08,True,0876,3,2021-08-20;2023-02-15;2020-05-22,2.0,0.62,0.6,0.63,0.7,0.84,flagged
876,0.6,gt2,5,61.65,6,sliderule_0876_gt2r_cyc12_20210820,2021-08-20 00:00:00,1,70.96023295997287,-157.46295784436484,12.099078609250803,2021-08-20 00:00:00,2025-02-11 00:00:00,1271.0,3.48,15,14,6,52.03,51.88,52.5,52.035,51.88,36.889,11.869,4.8,6.79,1.95,6.79,1.95,-9.0,59.0,-2.56,4.38,0.08,21.11,20.3,True,3.0,13.0,0.79,1.89,0.29,4.3,4.14,True,0876,1,2023-02-15,3.0,0.86,1.93,0.48,3.38,3.72,flagged
876,0.6,gt2,6,37.21,5,sliderule_0876_gt2l_cyc07_20200522,2020-05-22 00:00:00,1,70.96004190561361,-157.466216711354,11.47968803363528,2020-05-22 00:00:00,2025-02-11 00:00:00,1726.0,4.73,15,14,5,54.08,52.1,52.5,54.08,52.1,23.083,13.609,4.8,6.79,1.44,6.79,1.44,14.0,39.0,2.92,-1.91,0.07,16.97,13.01,True,-4.0,15.0,-0.79,-1.15,0.13,6.98,5.35,True,0876,1,2021-08-20,-3.0,-0.63,-1.82,0.4,6.24,6.83,flagged
922,0.4,gt1,2,24.67,8,sliderule_0922_gt1r_cyc05_20191126,2019-11-26 00:00:00,1,69.2219862305791,-163.39517051165157,7.466737959907818,2019-11-26 00:00:00,2025-08-15 00:00:00,2089.0,5.72,19,19,8,45.78,45.79,47.5,45.785,45.785,18.877,9.466,4.8,6.79,1.19,6.79,1.19,-26.0,29.0,-4.63,-3.23,0.44,8.03,3.63,True,-8.0,21.0,-1.33,-0.31,0.01,7.81,3.53,True,0922,0,,-8.0,-1.4,-0.34,0.01,7.58,3.43,no_outlier_detected
922,0.4,gt1,3,25.7,9,sliderule_0922_gt1r_cyc05_20191126,2019-11-26 00:00:00,1,69.22199100413275,-163.3951877171855,7.485040485477833,2019-11-26 00:00:00,2025-08-15 00:00:00,2089.0,5.72,19,19,9,45.79,45.79,47.5,45.788,45.79,20.137,10.652,4.8,6.79,1.19,6.79,1.19,-26.0,29.0,-4.63,-3.05,0.38,7.98,3.46,True,-8.0,21.0,-1.33,-0.43,0.01,7.5,3.25,True,0922,0,,-8.0,-1.4,-0.45,0.02,7.26,3.14,no_outlier_detected
922,0.4,gt3,11,125.61,12,sliderule_0922_gt3r_cyc05_20191126,2019-11-26 00:00:00,1,69.28270502397767,-163.25189387333944,3.1357131577838877,2019-11-26 00:00:00,2025-11-13 00:00:00,2179.0,5.97,22,22,12,46.98,51.8,52.5,46.982,51.795,194.762,40.018,4.8,6.79,1.14,6.79,1.14,-4.0,304.0,-0.75,-22.11,0.32,71.77,22.71,True,-2.0,501.0,-0.35,-40.2,0.31,132.14,41.81,True,0922,2,2020-05-25;2020-08-24,-2.0,-0.34,-9.1,0.27,33.07,12.34,flagged
930,0.5,gt2,1,9.73,6,sliderule_0930_gt2l_cyc07_20200526,2020-05-26 00:00:00,1,68.91529402944212,-164.5772791114434,18.363815093171173,2020-05-26 00:00:00,2025-11-14 00:00:00,1998.0,5.47,17,17,6,88.42,88.42,87.5,88.417,88.425,0.159,0.085,4.8,6.79,1.24,6.79,1.24,-17.0,17.0,-3.03,-2.67,0.87,2.4,1.41,True,-17.0,17.0,-3.04,-2.71,0.88,2.38,1.4,True,0930,0,,-17.0,-3.11,-2.75,0.9,2.2,1.29,no_outlier_detected
930,0.5,gt2,2,5.6,3,sliderule_0930_gt2l_cyc18_20230219,2023-02-19 00:00:00,1,68.91523513797912,-164.57754491481606,17.993392855003282,2023-02-19 00:00:00,2024-11-16 00:00:00,636.0,1.74,17,17,3,88.35,88.35,87.5,88.347,88.35,0.205,0.076,4.8,6.79,3.9,6.79,3.9,-9.0,11.0,-5.41,-6.1,0.93,2.22,21.18,True,-9.0,11.0,-5.29,-5.98,0.93,2.22,21.13,True,0930,0,,-9.0,-5.29,-5.98,0.93,2.22,21.13,insufficient_data_for_flagging
930,0.5,gt2,3,10.74,8,sliderule_0930_gt2r_cyc07_20200526,2020-05-26 00:00:00,1,68.91534409705672,-164.57960953305965,16.523257766396014,2020-05-26 00:00:00,2025-11-14 00:00:00,1998.0,5.47,17,17,8,88.27,88.27,87.5,88.273,88.265,0.203,0.068,4.8,6.79,1.24,6.79,1.24,-8.0,14.0,-1.39,-1.79,0.43,4.37,2.06,True,-8.0,14.0,-1.39,-1.77,0.43,4.32,2.04,True,0930,3,2024-02-17;2022-02-21;2025-11-14,-11.0,-2.11,-1.97,0.92,1.44,1.07,flagged
937,0.4,gt2,1,150.68,6,sliderule_0937_gt2r_cyc06_20200226,2020-02-26 00:00:00,1,70.81840966538209,-158.18464775989898,17.756503965240256,2020-02-26 00:00:00,2025-08-16 00:00:00,1998.0,5.47,14,13,6,76.75,82.09,62.5,76.755,82.09,25.871,13.773,4.8,6.79,1.24,6.79,1.24,-23.0,28.0,-4.25,-1.29,0.08,10.99,5.98,True,-12.0,29.0,-2.13,1.39,0.07,13.14,7.15,True,0937,0,,-12.0,-2.19,1.34,0.07,12.96,7.05,no_outlier_detected
937,0.4,gt2,2,162.47,3,sliderule_0937_gt2l_cyc10_20210223,2021-02-23 00:00:00,1,70.81817365004976,-158.1907086515616,18.615075050186544,2021-02-23 00:00:00,2025-11-14 00:00:00,1725.0,4.72,14,13,3,84.91,84.89,82.5,84.913,84.89,13.467,5.257,4.8,6.79,1.44,6.79,1.44,-14.0,14.0,-2.86,-2.48,0.87,3.47,12.26,True,0.0,4.0,-0.01,0.36,0.13,3.33,11.78,True,0937,0,,0.0,-0.01,0.36,0.13,3.33,11.78,insufficient_data_for_flagging
937,0.4,gt2,4,111.02,7,sliderule_0937_gt2l_cyc06_20200226,2020-02-26 00:00:00,1,70.81832040496285,-158.18646384974974,17.92840580151748,2020-02-26 00:00:00,2025-08-16 00:00:00,1998.0,5.47,14,13,7,84.21,84.96,82.5,84.211,84.96,10.092,4.306,4.8,6.79,1.24,6.79,1.24,-5.0,23.0,-0.86,-0.55,0.03,8.17,3.84,True,-1.0,15.0,-0.14,-0.49,0.05,5.32,2.5,True,0937,1,2021-02-23,-1.0,-0.18,0.08,0.0,3.42,1.82,flagged
937,0.5,gt3,6,150.35,7,sliderule_0937_gt3r_cyc06_20200226,2020-02-26 00:00:00,1,70.82403454703896,-158.0976831766845,18.927923310317578,2020-02-26 00:00:00,2025-08-16 00:00:00,1998.0,5.47,16,15,7,83.08,83.09,82.5,83.084,83.09,17.74,9.682,4.8,6.79,1.24,6.79,1.24,-23.0,27.0,-4.21,-1.07,0.06,9.76,4.82,True,-9.0,9.0,-1.65,-0.7,0.18,3.54,1.75,True,0937,1,2021-11-22,-9.0,-1.65,-1.03,0.54,2.4,1.33,flagged
937,0.5,gt3,9,31.58,3,sliderule_0937_gt3l_cyc10_20210223,2021-02-23 00:00:00,1,70.82391473389082,-158.10179689204395,19.13815143042738,2021-02-23 00:00:00,2024-11-16 00:00:00,1362.0,3.73,16,15,3,82.66,82.76,82.5,82.66,82.76,4.552,2.087,4.8,6.79,1.82,6.79,1.82,-36.0,36.0,-9.69,-7.81,0.68,15.09,68.67,True,-34.0,34.0,-9.23,-7.76,0.77,11.84,53.9,True,0937,0,,-34.0,-9.23,-7.76,0.77,11.84,53.9,insufficient_data_for_flagging
937,0.5,gt3,10,120.62,7,sliderule_0937_gt3l_cyc06_20200226,2020-02-26 00:00:00,1,70.82401521248697,-158.0980796663491,18.991841036888214,2020-02-26 00:00:00,2025-08-16 00:00:00,1998.0,5.47,16,15,7,83.22,83.23,82.5,83.223,83.23,7.47,4.186,4.8,6.79,1.24,6.79,1.24,-8.0,18.0,-1.49,0.24,0.01,6.53,3.22,True,-5.0,8.0,-0.87,-0.3,0.05,3.05,1.5,True,0937,0,,-4.0,-0.73,-0.2,0.02,2.85,1.41,no_outlier_detected
945,0.4,gt2,4,12.67,8,sliderule_0945_gt2l_cyc05_20191127,2019-11-27 00:00:00,1,70.8192514441718,-158.17835962330426,16.31503939430228,2019-11-27 00:00:00,2025-08-16 00:00:00,2089.0,5.72,17,17,8,59.82,60.39,62.5,59.822,60.39,8.056,3.138,4.8,6.79,1.19,6.79,1.19,-22.0,30.0,-3.81,-2.53,0.35,8.46,3.47,True,-25.0,30.0,-4.29,-2.8,0.44,7.78,3.19,True,0945,1,2025-08-16,-1.0,-0.19,-0.39,0.07,2.98,1.64,flagged
945,0.4,gt2,5,12.87,9,sliderule_0945_gt2r_cyc05_20191127,2019-11-27 00:00:00,1,70.81934317096433,-158.18083351353388,15.656330439815829,2019-11-27 00:00:00,2025-08-16 00:00:00,2089.0,5.72,17,17,9,81.27,81.33,82.5,81.27,81.33,2.243,0.822,4.8,6.79,1.19,6.79,1.19,-25.0,36.0,-4.35,-2.01,0.16,10.7,4.09,True,-26.0,34.0,-4.47,-1.94,0.15,10.7,4.09,True,0945,2,2025-08-16;2020-05-27,-4.0,-0.77,-0.4,0.02,5.55,2.94,flagged
945,0.5,gt1,1,129.45,12,sliderule_0945_gt1l_cyc05_20191127,2019-11-27 00:00:00,1,70.82533436820732,-158.08801403201653,17.52815486997369,2019-11-27 00:00:00,2025-11-15 00:00:00,2180.0,5.97,18,18,12,68.57,68.57,67.5,68.573,68.57,41.3,11.482,4.8,6.79,1.14,6.79,1.14,10.0,52.0,1.65,-1.47,0.03,19.01,5.85,True,1.0,13.0,0.1,-0.57,0.11,3.76,1.16,True,0945,0,,1.0,0.17,-0.53,0.1,3.63,1.12,no_outlier_detected
945,0.5,gt1,2,112.88,12,sliderule_0945_gt1r_cyc05_20191127,2019-11-27 00:00:00,1,70.82534528336298,-158.0882849672985,17.667528726847177,2019-11-27 00:00:00,2025-11-15 00:00:00,2180.0,5.97,18,18,12,68.58,68.57,67.5,68.578,68.57,36.566,12.262,4.8,6.79,1.14,6.79,1.14,12.0,54.0,2.02,-1.02,0.01,19.49,6.0,True,3.0,20.0,0.57,0.07,0.0,5.81,1.79,True,0945,2,2025-02-15;2020-11-25,4.0,0.67,-0.4,0.07,3.35,1.18,flagged
983,0.3,gt1,1,21.69,8,sliderule_0983_gt1l_cyc04_20190831,2019-08-31 00:00:00,1,68.96428986520817,-164.08753880110189,7.723276448056018,2019-08-31 00:00:00,2025-11-17 00:00:00,2270.0,6.21,14,14,8,61.18,61.17,62.5,61.178,61.17,6.778,3.186,4.8,6.79,1.09,6.79,1.09,-14.0,21.0,-2.25,-1.91,0.35,6.24,2.62,True,-7.0,17.0,-1.16,-1.43,0.33,4.87,2.04,True,0983,0,,-7.0,-1.13,-1.38,0.31,4.87,2.04,no_outlier_detected
983,0.3,gt1,2,18.93,6,sliderule_0983_gt1r_cyc04_20190831,2019-08-31 00:00:00,1,68.96439387611395,-164.08534893758622,8.384264144331382,2019-08-31 00:00:00,2025-11-17 00:00:00,2270.0,6.21,14,14,6,61.18,61.18,62.5,61.18,61.18,5.963,2.512,4.8,6.79,1.09,6.79,1.09,-12.0,36.0,-1.99,-2.19,0.16,12.45,6.87,True,-6.0,28.0,-1.03,-1.07,0.07,9.85,5.44,True,0983,1,2020-08-28,-7.0,-1.13,-1.87,0.49,5.41,3.5,flagged
983,0.4,gt3,4,6.95,3,sliderule_0983_gt3l_cyc08_20200828,2020-08-28 00:00:00,1,68.99461498115967,-163.93472714685507,18.477942800315592,2020-08-28 00:00:00,2023-11-22 00:00:00,1181.0,3.23,10,7,3,60.93,60.71,62.5,60.927,60.71,4.11,2.323,4.8,6.79,2.1,6.79,2.1,2.0,5.0,0.48,0.25,0.02,3.96,21.8,True,-3.0,5.0,-0.79,-0.96,0.37,2.92,16.09,True,0983,0,,-3.0,-0.79,-0.96,0.37,2.92,16.09,insufficient_data_for_flagging
998,0.5,gt1,1,137.02,7,sliderule_0998_gt1r_cyc06_20200301,2020-03-01 00:00:00,-1,70.81435926095273,-159.05106351846229,3.2855674160583255,2020-03-01 00:00:00,2025-11-18 00:00:00,2088.0,5.72,15,15,7,54.17,56.16,57.5,54.174,56.16,116.712,61.371,4.8,6.79,1.19,6.79,1.19,82.0,96.0,14.36,8.8,0.2,36.04,20.16,True,-12.0,32.0,-2.02,-1.48,0.07,11.25,6.3,True,0998,1,2021-11-26,-11.0,-1.92,-2.12,0.37,6.22,3.8,flagged
998,0.5,gt1,2,118.62,6,sliderule_0998_gt1l_cyc10_20210227,2021-02-27 00:00:00,-1,70.81419112492358,-159.0547420046458,3.6992609555015625,2021-02-27 00:00:00,2025-11-18 00:00:00,1725.0,4.72,15,15,6,52.02,50.11,52.5,52.018,50.115,62.669,40.473,4.8,6.79,1.44,6.79,1.44,30.0,75.0,6.29,-0.81,0.0,29.3,21.21,True,-17.0,29.0,-3.52,-2.24,0.12,11.8,8.54,True,0998,0,,-16.0,-3.39,-2.13,0.11,11.81,8.55,no_outlier_detected
998,0.5,gt1,3,54.29,4,sliderule_0998_gt1l_cyc06_20200301,2020-03-01 00:00:00,-1,70.81433891259128,-159.05171540775842,3.2827465240628757,2020-03-01 00:00:00,2023-11-23 00:00:00,1362.0,3.73,15,15,4,55.49,56.21,57.5,55.492,56.21,24.863,10.393,4.8,6.79,1.82,6.79,1.82,-8.0,34.0,-2.14,1.22,0.02,17.86,27.04,True,-5.0,6.0,-1.45,-1.69,0.85,1.41,2.13,True,0998,1,2022-08-26,-5.0,-1.34,-1.37,1.0,0.26,1.21,flagged
1006,0.3,gt3,7,52.16,9,sliderule_1006_gt3l_cyc06_20200301,2020-03-01 00:00:00,-1,70.81338338938735,-159.04819664249723,3.7304944372841584,2020-03-01 00:00:00,2025-11-19 00:00:00,2089.0,5.72,17,17,9,70.9,70.9,72.5,70.899,70.9,10.81,3.601,4.8,6.79,1.19,6.79,1.19,1.0,12.0,0.24,-0.76,0.09,4.78,2.11,True,-6.0,9.0,-1.02,-0.5,0.08,3.43,1.52,True,1006,3,2021-02-27;2023-11-23;2025-11-19,1.0,0.25,0.08,0.0,2.08,1.68,flagged
1006,0.3,gt3,8,117.98,9,sliderule_1006_gt3r_cyc06_20200301,2020-03-01 00:00:00,-1,70.81344675200761,-159.04958235985504,3.836941198309365,2020-03-01 00:00:00,2025-11-19 00:00:00,2089.0,5.72,17,17,9,70.92,70.91,72.5,70.918,70.91,36.222,7.385,4.8,6.79,1.19,6.79,1.19,-9.0,44.0,-1.5,-3.32,0.2,13.23,5.85,True,-13.0,13.0,-2.28,-1.87,0.77,2.04,0.9,True,1006,2,2024-02-22;2021-11-27,-13.0,-2.27,-2.18,0.98,0.66,0.33,flagged
1006,0.4,gt2,4,28.34,10,sliderule_1006_gt2l_cyc06_20200301,2020-03-01 00:00:00,-1,70.79854477714997,-158.964782811315,3.756358064406808,2020-03-01 00:00:00,2025-11-19 00:00:00,2089.0,5.72,19,19,10,72.61,72.2,72.5,72.606,72.195,6.586,1.641,4.8,6.79,1.19,6.79,1.19,-9.0,20.0,-1.52,-1.88,0.32,5.32,2.25,True,-8.0,14.0,-1.43,-1.38,0.28,4.24,1.79,True,1006,2,2023-08-25;2021-11-27,-8.0,-1.4,-1.27,0.51,2.67,1.23,flagged
1006,0.4,gt2,5,111.52,10,sliderule_1006_gt2r_cyc06_20200301,2020-03-01 00:00:00,-1,70.79859906337249,-158.96610827816878,3.694421232891817,2020-03-01 00:00:00,2025-11-19 00:00:00,2089.0,5.72,19,19,10,72.3,72.16,72.5,72.296,72.165,30.279,5.019,4.8,6.79,1.19,6.79,1.19,-9.0,47.0,-1.51,-3.02,0.15,13.6,5.76,True,-11.0,14.0,-1.96,-1.85,0.44,4.03,1.71,True,1006,3,2023-08-25;2025-11-19;2021-11-27,-2.0,-0.5,-0.73,0.43,1.49,0.96,flagged
1006,0.5,gt1,1,102.69,11,sliderule_1006_gt1l_cyc03_20190603,2019-06-03 00:00:00,-1,70.79194242969983,-158.87954228176804,9.63472190348,2019-06-03 00:00:00,2025-11-19 00:00:00,2361.0,6.46,18,18,11,88.07,88.22,87.5,88.067,88.22,4.878,0.777,4.8,6.79,1.05,6.79,1.05,-7.0,17.0,-1.04,-0.76,0.08,5.38,1.95,True,-6.0,16.0,-0.92,-0.58,0.06,4.95,1.79,True,1006,1,2023-08-25,-6.0,-0.93,-0.97,0.26,3.55,1.34,flagged
1006,0.5,gt1,2,105.04,11,sliderule_1006_gt1l_cyc03_20190603,2019-06-03 00:00:00,-1,70.79196645763831,-158.88020610047585,9.48905123618374,2019-06-03 00:00:00,2025-11-19 00:00:00,2361.0,6.46,18,18,11,86.98,86.53,87.5,86.978,86.53,6.366,3.572,4.8,6.79,1.05,6.79,1.05,5.0,10.0,0.82,0.51,0.13,2.79,1.01,True,1.0,14.0,0.23,0.44,0.06,3.59,1.3,True,1006,2,2023-08-25;2023-11-23,1.0,0.15,0.38,0.19,1.74,0.7,flagged
1013,0.3,gt2,1,45.99,3,sliderule_1013_gt2l_cyc04_20190902,2019-09-02 00:00:00,1,70.9102684438992,-153.2935045296468,1.9041462895285604,2019-09-02 00:00:00,2022-02-26 00:00:00,908.0,2.49,13,11,3,74.35,74.23,72.5,74.347,74.23,13.126,8.351,4.8,6.79,2.73,6.79,2.73,8.0,8.0,3.17,2.71,0.88,1.94,12.72,True,-4.0,9.0,-1.63,-2.51,0.63,3.71,24.38,True,1013,0,,-4.0,-1.63,-2.51,0.63,3.71,24.38,insufficient_data_for_flagging
1028,0.4,gt1,2,70.8,8,sliderule_1028_gt1l_cyc05_20191203,2019-12-03 00:00:00,-1,70.18574101504652,-147.39024155381549,1.227998484019902,2019-12-03 00:00:00,2025-11-20 00:00:00,2179.0,5.97,17,16,8,65.28,65.25,67.5,65.285,65.255,26.678,8.892,4.8,6.79,1.14,6.79,1.14,-4.0,37.0,-0.6,-0.03,0.0,16.4,7.46,True,-5.0,28.0,-0.87,-1.75,0.14,9.71,4.42,True,1028,3,2023-02-25;2019-12-03;2020-03-03,-11.0,-2.77,-2.64,0.64,3.68,3.6,flagged
1028,0.4,gt1,4,120.2,8,sliderule_1028_gt1r_cyc05_20191203,2019-12-03 00:00:00,-1,70.185812893724,-147.3886141159686,1.3379623601764372,2019-12-03 00:00:00,2025-11-20 00:00:00,2179.0,5.97,17,16,8,70.03,65.45,67.5,70.03,65.455,56.212,34.333,4.8,6.79,1.14,6.79,1.14,35.0,65.0,5.87,2.18,0.05,20.37,9.27,True,-13.0,30.0,-2.26,-2.21,0.16,10.96,4.99,True,1028,0,,-14.0,-2.35,-2.23,0.17,10.9,4.96,no_outlier_detected
1036,0.2,gt1,2,34.43,8,sliderule_1036_gt1r_cyc05_20191203,2019-12-03 00:00:00,-1,70.20161170401401,-147.69061944091266,1.1235787401332775,2019-12-03 00:00:00,2024-02-24 00:00:00,1544.0,4.23,16,16,8,67.88,67.88,67.5,67.875,67.875,11.588,3.926,4.8,6.79,1.61,6.79,1.61,15.0,15.0,3.66,2.0,0.46,3.73,2.15,True,10.0,16.0,2.31,-0.56,0.03,5.98,3.46,True,1036,3,2019-12-03;2024-02-24;2022-02-28,-14.0,-3.75,-3.46,0.9,1.99,2.12,flagged
1044,0.4,gt3,13,17.63,7,sliderule_1044_gt3r_cyc04_20190904,2019-09-04 00:00:00,1,68.90625633639895,-164.6818535721684,16.180179467929698,2019-09-04 00:00:00,2022-11-28 00:00:00,1181.0,3.23,18,18,7,76.44,76.69,77.5,76.437,76.69,3.271,1.007,4.8,6.79,2.1,6.79,2.1,-6.0,16.0,-1.85,-3.0,0.48,4.39,3.57,True,-3.0,16.0,-0.84,-2.27,0.28,5.18,4.21,True,1044,2,2022-11-28;2019-12-04,-16.0,-5.36,-5.84,0.95,1.83,2.56,flagged
1044,0.4,gt3,15,12.59,6,sliderule_1044_gt3r_cyc04_20190904,2019-09-04 00:00:00,1,68.90626391923293,-164.6819172243282,16.138844031472903,2019-09-04 00:00:00,2022-11-28 00:00:00,1181.0,3.23,18,18,6,76.39,76.67,77.5,76.395,76.675,3.271,0.96,4.8,6.79,2.1,6.79,2.1,-6.0,16.0,-1.85,-2.98,0.49,4.82,4.24,True,-3.0,16.0,-0.84,-2.23,0.3,5.44,4.78,True,1044,0,,-3.0,-0.93,-2.28,0.29,5.69,5.0,no_outlier_detected
1044,0.6,gt1,2,23.03,7,sliderule_1044_gt1l_cyc03_20190605,2019-06-05 00:00:00,-1,68.89361007828226,-164.84208907725483,10.104586904642114,2019-06-05 00:00:00,2023-02-26 00:00:00,1362.0,3.73,17,17,7,85.54,85.55,87.5,85.547,85.55,1.468,0.343,4.8,6.79,1.82,6.79,1.82,17.0,21.0,4.65,4.14,0.56,5.35,4.18,True,19.0,23.0,5.05,4.47,0.59,5.51,4.31,True,1044,2,2023-02-26;2020-12-01,-2.0,-0.8,0.27,0.03,2.04,3.04,flagged
1044,0.6,gt1,3,33.91,8,sliderule_1044_gt1r_cyc04_20190904,2019-09-04 00:00:00,-1,68.89369000629434,-164.84044217167488,12.329056013043642,2019-09-04 00:00:00,2025-02-22 00:00:00,1998.0,5.47,17,17,8,85.55,85.55,87.5,85.554,85.55,2.489,0.502,4.8,6.79,1.24,6.79,1.24,-18.0,23.0,-3.28,-3.56,0.74,4.01,2.08,True,-20.0,25.0,-3.74,-4.01,0.76,4.37,2.27,True,1044,0,,-21.0,-3.84,-4.07,0.75,4.54,2.36,no_outlier_detected
1044,0.6,gt1,5,7.52,6,sliderule_1044_gt1l_cyc03_20190605,2019-06-05 00:00:00,-1,68.89360537754253,-164.84227482304394,10.000759703307557,2019-06-05 00:00:00,2021-11-29 00:00:00,908.0,2.49,17,17,6,85.55,85.55,87.5,85.557,85.55,0.313,0.155,4.8,6.79,2.73,6.79,2.73,-2.0,9.0,-0.82,0.89,0.07,3.63,4.61,True,-2.0,9.0,-0.7,0.97,0.09,3.44,4.37,True,1044,1,2020-12-01,-2.0,-0.8,0.27,0.03,2.04,3.04,flagged
1074,0.3,gt1,1,140.37,7,sliderule_1074_gt1l_cyc04_20190906,2019-09-06 00:00:00,1,70.78077676635911,-154.10981535877568,1.545840704153458,2019-09-06 00:00:00,2025-11-23 00:00:00,2270.0,6.21,12,12,7,58.19,58.24,57.5,58.19,58.24,49.346,23.244,4.8,6.79,1.09,6.79,1.09,-45.0,105.0,-7.23,-1.62,0.01,41.55,17.37,True,-8.0,41.0,-1.21,-3.11,0.26,14.34,6.0,True,1074,3,2024-08-26;2019-09-06;2025-08-25,-29.0,-5.83,-5.87,0.99,1.84,1.98,flagged
1074,0.3,gt1,2,145.27,5,sliderule_1074_gt1r_cyc04_20190906,2019-09-06 00:00:00,1,70.78095076386444,-154.10597417056067,1.5489752485024848,2019-09-06 00:00:00,2025-08-25 00:00:00,2180.0,5.97,12,12,5,58.84,58.3,57.5,58.844,58.3,76.917,22.894,4.8,6.79,1.14,6.79,1.14,-10.0,113.0,-1.62,-8.84,0.21,46.8,31.54,True,-4.0,30.0,-0.62,-2.78,0.28,12.2,8.22,True,1074,1,2019-09-06,-30.0,-5.48,-5.14,0.97,2.71,2.82,flagged
1074,0.3,gt1,3,84.96,5,sliderule_1074_gt1l_cyc04_20190906,2019-09-06 00:00:00,1,70.78075852025754,-154.11039965033171,1.5002324566321252,2019-09-06 00:00:00,2025-11-23 00:00:00,2270.0,6.21,12,12,5,58.19,58.24,57.5,58.19,58.24,33.472,11.11,4.8,6.79,1.09,6.79,1.09,20.0,38.0,3.22,0.81,0.02,20.1,12.01,True,1.0,41.0,0.1,-3.55,0.31,16.4,9.8,True,1074,0,,0.0,0.0,-3.64,0.32,16.42,9.82,no_outlier_detected
1074,0.5,gt2,4,174.6,4,sliderule_1074_gt2r_cyc06_20200306,2020-03-06 00:00:00,1,70.80928984513739,-154.02833195685483,4.971982625433477,2020-03-06 00:00:00,2025-11-23 00:00:00,2088.0,5.72,10,7,4,45.57,45.49,42.5,45.573,45.49,191.489,110.069,4.8,6.79,1.19,6.79,1.19,-204.0,204.0,-35.67,-28.6,0.71,55.47,55.0,True,-12.0,43.0,-2.17,-2.94,0.16,20.52,20.35,True,1074,0,,-12.0,-2.1,-2.87,0.15,20.59,20.41,no_outlier_detected
1082,0.2,gt1,1,83.79,13,sliderule_1082_gt1l_cyc03_20190608,2019-06-08 00:00:00,1,70.87813067781863,-153.91515937321824,2.6893920632727175,2019-06-08 00:00:00,2025-11-24 00:00:00,2361.0,6.46,23,23,13,66.01,66.0,67.5,66.004,66.0,32.63,6.176,4.8,6.79,1.05,6.79,1.05,-88.0,102.0,-13.67,-13.6,0.85,13.67,3.86,True,-93.0,93.0,-14.44,-11.48,0.78,14.48,4.09,True,1082,1,2019-09-06,-93.0,-14.39,-13.26,0.89,10.72,3.33,flagged
1082,0.2,gt1,2,109.12,13,sliderule_1082_gt1l_cyc03_20190608,2019-06-08 00:00:00,1,70.87815245398029,-153.9157895887186,2.693175389685163,2019-06-08 00:00:00,2025-11-24 00:00:00,2361.0,6.46,23,23,13,66.0,66.0,67.5,66.003,66.0,48.331,33.454,4.8,6.79,1.05,6.79,1.05,-122.0,122.0,-18.93,-12.08,0.63,21.6,6.1,True,-90.0,90.0,-13.86,-10.37,0.79,12.41,3.5,True,1082,1,2019-09-06,-89.0,-13.77,-12.15,0.94,7.17,2.22,flagged
1089,0.6,gt1,1,48.26,6,sliderule_1089_gt1l_cyc03_20190608,2019-06-08 00:00:00,1,70.33850995459228,-148.2277577747393,1.235674898628159,2019-06-08 00:00:00,2025-02-25 00:00:00,2089.0,5.72,16,13,6,62.68,66.84,67.5,62.68,66.835,20.752,9.235,4.8,6.79,1.19,6.79,1.19,-8.0,44.0,-1.34,-2.81,0.17,15.04,8.6,True,1.0,26.0,0.14,-2.02,0.19,10.27,5.87,True,1089,3,2024-08-27;2021-12-02;2023-03-01,1.0,0.17,0.1,0.09,1.35,4.14,flagged
1112,0.4,gt3,8,84.2,5,sliderule_1112_gt3l_cyc14_20220305,2022-03-05 00:00:00,-1,70.05794888269206,-142.9836120895633,1.625331109338677,2022-03-05 00:00:00,2025-02-26 00:00:00,1089.0,2.98,18,16,5,84.58,84.99,82.5,84.58,84.99,8.58,2.336,4.8,6.79,2.28,6.79,2.28,-4.0,18.0,-1.24,-3.56,0.28,7.86,10.45,True,-5.0,26.0,-1.73,-4.14,0.21,11.24,14.94,True,1112,2,2024-02-29;2024-08-29,-5.0,-1.68,-1.8,0.89,1.34,7.92,flagged
1112,0.5,gt2,1,11.28,4,sliderule_1112_gt2l_cyc14_20220305,2022-03-05 00:00:00,1,70.05586670567126,-142.89792554739785,2.0530746738152263,2022-03-05 00:00:00,2025-02-26 00:00:00,1089.0,2.98,16,14,4,80.53,81.05,77.5,80.532,81.05,1.129,0.683,4.8,6.79,2.28,6.79,2.28,-3.0,14.0,-1.08,-2.3,0.26,6.5,11.8,True,-3.0,13.0,-0.9,-2.11,0.25,6.05,10.98,True,1112,0,,-2.0,-0.67,-1.95,0.22,6.19,11.24,no_outlier_detected
1112,0.5,gt2,2,136.53,4,sliderule_1112_gt2l_cyc06_20200308,2020-03-08 00:00:00,1,70.05633494752237,-142.90866712500338,2.5095591637564656,2020-03-08 00:00:00,2024-11-28 00:00:00,1726.0,4.73,16,14,4,82.72,82.71,82.5,82.718,82.71,12.012,5.367,4.8,6.79,1.44,6.79,1.44,5.0,19.0,1.07,-0.03,0.0,10.31,12.17,True,-7.0,18.0,-1.47,-2.68,0.47,7.39,8.72,True,1112,1,2023-11-30,-7.0,-1.48,-1.54,0.94,1.27,4.78,flagged
1112,0.5,gt2,4,75.09,3,sliderule_1112_gt2l_cyc06_20200308,2020-03-08 00:00:00,1,70.05635673870364,-142.90944633697185,2.4527707150663023,2020-03-08 00:00:00,2024-11-28 00:00:00,1726.0,4.73,16,14,3,82.97,83.32,82.5,82.967,83.32,5.589,3.048,4.8,6.79,1.44,6.79,1.44,-7.0,14.0,-1.51,-2.15,0.56,6.74,24.3,True,-2.0,18.0,-0.33,-1.55,0.15,12.9,46.55,True,1112,0,,-2.0,-0.33,-1.55,0.15,12.9,46.55,insufficient_data_for_flagging
1173,0.6,gt2,1,23.65,7,sliderule_1173_gt2l_cyc05_20191212,2019-12-12 00:00:00,1,70.13351589593555,-143.6477791563849,9.745712140161196,2019-12-12 00:00:00,2025-08-31 00:00:00,2089.0,5.72,14,14,7,81.39,81.38,82.5,81.386,81.38,1.861,1.208,4.8,6.79,1.19,6.79,1.19,-2.0,6.0,-0.38,-0.48,0.24,2.07,0.99,True,0.0,5.0,-0.06,-0.54,0.25,2.24,1.07,True,1173,0,,0.0,0.0,-0.52,0.23,2.27,1.08,no_outlier_detected
1173,0.6,gt2,2,3.91,3,sliderule_1173_gt2r_cyc10_20210310,2021-03-10 00:00:00,1,70.13357183265084,-143.65048260666634,10.661786866553372,2021-03-10 00:00:00,2025-08-31 00:00:00,1635.0,4.48,14,14,3,81.63,81.64,82.5,81.63,81.64,0.288,0.161,4.8,6.79,1.52,6.79,1.52,-9.0,9.0,-2.0,-1.7,0.55,4.92,19.41,True,-9.0,9.0,-1.93,-1.63,0.51,5.16,20.34,True,1173,0,,-9.0,-1.93,-1.63,0.51,5.16,20.34,insufficient_data_for_flagging
1173,0.6,gt2,3,25.85,7,sliderule_1173_gt2r_cyc05_20191212,2019-12-12 00:00:00,1,70.1336050467394,-143.65017481842278,10.680973925792332,2019-12-12 00:00:00,2025-08-31 00:00:00,2089.0,5.72,14,14,7,81.48,81.38,82.5,81.483,81.38,1.986,1.219,4.8,6.79,1.19,6.79,1.19,1.0,14.0,0.24,0.25,0.01,4.76,2.37,True,3.0,15.0,0.57,0.23,0.01,4.98,2.48,True,1173,3,2021-03-10;2021-09-08;2022-09-06,4.0,0.7,0.63,0.96,0.42,0.37,flagged
1173,0.6,gt2,4,16.79,4,sliderule_1173_gt2l_cyc05_20191212,2019-12-12 00:00:00,1,70.13349407318468,-143.64769869093524,9.78250518461845,2019-12-12 00:00:00,2024-03-04 00:00:00,1544.0,4.23,14,14,4,81.39,81.39,82.5,81.39,81.39,1.732,0.742,4.8,6.79,1.61,6.79,1.61,1.0,4.0,0.25,-0.17,0.03,2.09,2.73,True,-1.0,5.0,-0.16,-0.7,0.27,2.69,3.5,True,1173,0,,0.0,0.0,-0.59,0.18,2.92,3.79,no_outlier_detected
1181,0.5,gt2,7,86.32,3,sliderule_1181_gt2r_cyc14_20220309,2022-03-09 00:00:00,1,70.29181026109332,-161.09913894543106,5.059729576160491,2022-03-09 00:00:00,2024-03-05 00:00:00,727.0,1.99,11,10,3,39.71,50.17,52.5,39.707,50.17,266.708,92.603,4.8,6.79,3.41,6.79,3.41,3.0,70.0,1.74,-8.86,0.05,53.88,467.04,True,-8.0,197.0,-3.84,26.31,0.06,153.18,1327.76,True,1181,0,,-8.0,-3.84,26.31,0.06,153.18,1327.76,insufficient_data_for_flagging
1181,0.5,gt2,9,71.2,3,sliderule_1181_gt2r_cyc10_20210311,2021-03-11 00:00:00,1,70.29153719719253,-161.1056905146013,4.388155735580848,2021-03-11 00:00:00,2024-12-02 00:00:00,1362.0,3.73,11,10,3,73.02,79.32,77.5,73.017,79.32,13.555,7.766,4.8,6.79,1.82,6.79,1.82,17.0,17.0,4.52,4.25,0.77,6.19,29.62,True,3.0,11.0,0.89,0.56,0.04,7.5,35.87,True,1181,0,,3.0,0.89,0.56,0.04,7.5,35.87,insufficient_data_for_flagging
1196,0.3,gt1,2,107.1,10,sliderule_1196_gt1l_cyc03_20190615,2019-06-15 00:00:00,1,71.18834433772304,-155.8294823355407,1.2036678144194866,2019-06-15 00:00:00,2025-09-02 00:00:00,2271.0,6.22,20,20,10,66.31,66.34,67.5,66.311,66.335,42.805,12.414,4.8,6.79,1.09,6.79,1.09,-23.0,55.0,-3.64,-5.55,0.6,10.01,3.69,True,-59.0,59.0,-9.51,-6.77,0.66,10.73,3.96,True,1196,3,2025-09-02;2024-12-03;2019-12-14,-19.0,-4.02,-3.97,0.86,2.73,1.84,flagged
1196,0.3,gt1,3,164.66,9,sliderule_1196_gt1r_cyc03_20190615,2019-06-15 00:00:00,1,71.18842753762179,-155.8279928398343,1.254552232920744,2019-06-15 00:00:00,2025-09-02 00:00:00,2271.0,6.22,20,20,9,66.02,66.3,67.5,66.016,66.3,44.866,15.366,4.8,6.79,1.09,6.79,1.09,-34.0,96.0,-5.49,-10.08,0.5,23.74,8.97,True,-32.0,50.0,-5.22,-4.72,0.42,13.01,4.92,True,1196,0,,-32.0,-5.15,-4.67,0.41,13.14,4.97,no_outlier_detected
1234,0.6,gt2,3,108.0,10,sliderule_1234_gt2l_cyc05_20191216,2019-12-16 00:00:00,1,70.01698389063542,-144.47016038497375,5.979571907810526,2019-12-16 00:00:00,2025-12-04 00:00:00,2180.0,5.97,16,16,10,86.68,88.8,87.5,86.677,88.8,13.809,2.892,4.8,6.79,1.14,6.79,1.14,3.0,32.0,0.52,-2.1,0.11,12.03,4.81,True,3.0,32.0,0.53,-1.8,0.12,10.03,4.01,True,1234,1,2023-09-09,3.0,0.5,-1.21,0.15,6.24,2.59,flagged
1234,0.6,gt2,4,99.04,10,sliderule_1234_gt2r_cyc05_20191216,2019-12-16 00:00:00,1,70.01699345984184,-144.47026696085652,5.7562068394442125,2019-12-16 00:00:00,2025-12-04 00:00:00,2180.0,5.97,16,16,10,83.13,82.3,82.5,83.129,82.3,3.035,1.021,4.8,6.79,1.14,6.79,1.14,-2.0,31.0,-0.37,-1.85,0.16,8.58,3.43,True,-2.0,30.0,-0.39,-1.94,0.19,8.17,3.27,True,1234,3,2023-09-09;2025-03-06;2021-12-12,-2.0,-0.34,-0.07,0.01,1.63,0.83,flagged
1265,0.4,gt3,8,121.61,13,sliderule_1265_gt3l_cyc03_20190620,2019-06-20 00:00:00,1,71.26289693580792,-156.2775495200805,1.0623128277948064,2019-06-20 00:00:00,2025-12-06 00:00:00,2361.0,6.46,22,22,13,80.66,80.76,82.5,80.665,80.76,13.136,3.99,4.8,6.79,1.05,6.79,1.05,-23.0,23.0,-3.51,-2.64,0.63,4.39,1.35,True,-22.0,33.0,-3.35,-2.29,0.34,6.89,2.11,True,1265,2,2022-06-13;2025-03-08,-21.0,-3.25,-2.77,0.77,3.41,1.16,flagged
1265,0.4,gt3,9,99.96,13,sliderule_1265_gt3l_cyc03_20190620,2019-06-20 00:00:00,1,71.26292240887422,-156.27814799978742,1.0289798327539088,2019-06-20 00:00:00,2025-12-06 00:00:00,2361.0,6.46,22,22,13,80.77,80.78,82.5,80.767,80.78,14.553,10.176,4.8,6.79,1.05,6.79,1.05,-11.0,26.0,-1.71,-2.51,0.43,6.31,1.94,True,3.0,32.0,0.54,-2.17,0.18,9.89,3.04,True,1265,0,,4.0,0.62,-2.15,0.18,9.98,3.06,no_outlier_detected
1265,0.6,gt2,3,107.4,11,sliderule_1265_gt2l_cyc05_20191218,2019-12-18 00:00:00,-1,71.25480328520709,-156.18989468664614,1.7832097753249485,2019-12-18 00:00:00,2025-12-06 00:00:00,2180.0,5.97,19,19,11,88.17,88.72,87.5,88.17,88.72,13.346,1.368,4.8,6.79,1.14,6.79,1.14,-22.0,44.0,-3.64,-5.35,0.66,7.65,2.87,True,-22.0,35.0,-3.72,-5.1,0.76,5.76,2.16,True,1265,3,2025-09-06;2023-03-13;2023-06-12,-22.0,-3.69,-4.15,0.94,2.29,1.04,flagged
1265,0.6,gt2,4,94.45,11,sliderule_1265_gt2r_cyc05_20191218,2019-12-18 00:00:00,-1,71.25482274736987,-156.1900597027294,1.730100933778789,2019-12-18 00:00:00,2025-12-06 00:00:00,2180.0,5.97,19,19,11,83.57,82.34,82.5,83.57,82.34,1.955,0.698,4.8,6.79,1.14,6.79,1.14,-26.0,44.0,-4.33,-5.7,0.65,8.48,3.18,True,-26.0,44.0,-4.36,-5.72,0.68,7.94,2.98,True,1265,3,2025-09-06;2023-03-13;2022-06-13,-26.0,-4.36,-4.12,0.87,3.48,1.58,flagged
1287,0.5,gt2,5,11.95,4,sliderule_1287_gt2l_cyc14_20220316,2022-03-16 00:00:00,1,69.96736340719985,-144.62790650731017,5.907064698426355,2022-03-16 00:00:00,2025-12-07 00:00:00,1362.0,3.73,20,20,4,74.17,74.11,72.5,74.165,74.11,2.733,1.114,4.8,6.79,1.82,6.79,1.82,-1.0,16.0,-0.22,-1.88,0.23,7.24,10.42,True,-2.0,20.0,-0.42,-2.45,0.27,8.54,12.29,True,1287,1,2023-03-14,-1.0,-0.27,-0.86,0.2,4.78,21.78,flagged
1295,0.2,gt1,3,92.43,5,sliderule_1295_gt1l_cyc14_20220317,2022-03-17 00:00:00,-1,69.99050681864317,-145.1727752006628,1.31690391595308,2022-03-17 00:00:00,2025-03-10 00:00:00,1089.0,2.98,12,11,5,89.37,89.39,87.5,89.372,89.39,1.153,0.294,4.8,6.79,2.28,6.79,2.28,-43.0,49.0,-14.47,-14.55,0.75,11.33,15.54,True,-44.0,50.0,-14.85,-14.91,0.75,11.59,15.9,True,1295,0,,-45.0,-15.09,-15.13,0.76,11.28,15.47,no_outlier_detected
1318,0.5,gt1,4,40.54,7,sliderule_1318_gt1r_cyc09_20201219,2020-12-19 00:00:00,1,71.01833212268315,-157.3190771462399,10.995918201551444,2020-12-19 00:00:00,2024-12-11 00:00:00,1453.0,3.98,22,16,7,46.09,46.08,47.5,46.089,46.08,38.909,21.455,4.8,6.79,1.71,6.79,1.71,32.0,50.0,8.12,9.93,0.63,11.53,8.7,True,-7.0,18.0,-1.67,-0.09,0.0,6.74,5.09,True,1318,3,2024-03-14;2022-03-18;2023-09-14,-6.0,-1.51,-1.49,0.94,0.79,1.15,flagged
1341,0.5,gt2,2,12.69,9,sliderule_1341_gt2r_cyc05_20191223,2019-12-23 00:00:00,1,70.43886164693357,-151.57993741298932,1.7510909423923322,2019-12-23 00:00:00,2025-12-11 00:00:00,2180.0,5.97,25,23,9,72.37,72.48,72.5,72.37,72.48,4.237,1.604,4.8,6.79,1.14,6.79,1.14,3.0,27.0,0.43,-0.98,0.08,7.64,3.05,True,-1.0,25.0,-0.12,-1.04,0.09,7.31,2.91,True,1341,1,2022-03-20,-1.0,-0.17,-0.73,0.12,4.66,1.93,flagged
1341,0.5,gt2,3,17.19,11,sliderule_1341_gt2r_cyc05_20191223,2019-12-23 00:00:00,1,70.43887194178598,-151.57986956010222,1.7131929311851597,2019-12-23 00:00:00,2025-12-11 00:00:00,2180.0,5.97,25,23,11,72.05,72.4,72.5,72.055,72.4,5.945,2.249,4.8,6.79,1.14,6.79,1.14,3.0,27.0,0.43,-0.75,0.05,6.83,2.35,True,-1.0,25.0,-0.12,-0.89,0.08,6.58,2.27,True,1341,3,2022-03-20;2023-03-18;2024-03-15,-1.0,-0.17,-0.87,0.4,2.8,1.07,flagged
1341,0.5,gt3,5,137.76,15,sliderule_1341_gt3l_cyc04_20190923,2019-09-23 00:00:00,1,70.43599825759577,-151.66675794137925,1.5785009691950649,2019-09-23 00:00:00,2025-12-11 00:00:00,2271.0,6.22,27,25,15,86.9,86.68,87.5,86.901,86.68,6.827,1.988,4.8,6.79,1.09,6.79,1.09,3.0,34.0,0.55,-1.81,0.17,8.46,2.39,True,3.0,41.0,0.55,-2.24,0.19,9.94,2.81,True,1341,0,,4.0,0.64,-2.22,0.18,9.93,2.81,no_outlier_detected
1341,0.5,gt3,7,119.01,15,sliderule_1341_gt3r_cyc04_20190923,2019-09-23 00:00:00,1,70.43601553052842,-151.66712948894175,1.7609834190853968,2019-09-23 00:00:00,2025-12-11 00:00:00,2271.0,6.22,27,25,15,86.2,85.76,87.5,86.198,85.76,9.509,1.877,4.8,6.79,1.09,6.79,1.09,14.0,41.0,2.25,-1.01,0.04,10.74,3.04,True,13.0,50.0,2.14,-1.66,0.08,11.96,3.38,True,1341,3,2024-09-13;2019-09-23;2022-03-20,-4.0,-0.67,-1.62,0.27,5.69,1.89,flagged
1372,0.4,gt3,1,32.8,4,sliderule_1372_gt3l_cyc05_20191225,2019-12-25 00:00:00,1,68.9202068726431,-164.39693265455404,31.721543256373977,2019-12-25 00:00:00,2024-12-15 00:00:00,1817.0,4.97,13,12,4,75.69,75.71,77.5,75.695,75.705,6.877,2.099,4.8,6.79,1.36,6.79,1.36,5.0,8.0,1.03,0.99,0.46,2.89,3.27,True,-2.0,2.0,-0.36,-0.39,0.9,0.35,0.39,True,1372,1,2022-03-22,-1.0,-0.2,-0.21,0.98,0.11,0.38,flagged
1372,0.4,gt3,4,2.9,3,sliderule_1372_gt3r_cyc06_20200325,2020-03-25 00:00:00,1,68.92024178755159,-164.39971591190076,28.168839537275225,2020-03-25 00:00:00,2024-03-17 00:00:00,1453.0,3.98,13,12,3,73.33,73.34,72.5,73.333,73.34,0.468,0.209,4.8,6.79,1.71,6.79,1.71,-3.0,9.0,-0.87,-0.71,0.09,6.24,28.09,True,-3.0,10.0,-0.83,-0.65,0.07,6.67,30.06,True,1372,0,,-3.0,-0.83,-0.65,0.07,6.67,30.06,insufficient_data_for_flagging
1372,0.4,gt3,5,14.33,4,sliderule_1372_gt3r_cyc06_20200325,2020-03-25 00:00:00,1,68.92031713238434,-164.39954521701833,28.24680856845608,2020-03-25 00:00:00,2024-03-17 00:00:00,1453.0,3.98,13,12,4,73.32,73.33,72.5,73.323,73.325,3.935,1.14,4.8,6.79,1.71,6.79,1.71,-3.0,10.0,-0.87,-1.33,0.26,5.09,6.78,True,-3.0,14.0,-0.83,-1.79,0.28,6.62,8.81,True,1372,0,,-3.0,-0.75,-1.7,0.25,6.8,9.06,no_outlier_detected
1372,0.4,gt3,6,42.01,7,sliderule_1372_gt3l_cyc05_20191225,2019-12-25 00:00:00,1,68.92020231966572,-164.39704677378762,31.61983486369576,2019-12-25 00:00:00,2024-12-15 00:00:00,1817.0,4.97,13,12,7,75.69,75.7,77.5,75.689,75.7,6.877,2.41,4.8,6.79,1.36,6.79,1.36,5.0,15.0,1.03,-0.1,0.0,5.05,2.74,True,-2.0,9.0,-0.36,-1.11,0.48,2.46,1.34,True,1372,1,2024-03-17,-1.0,-0.2,-0.31,0.58,0.55,0.37,flagged
1379,0.6,gt2,4,23.83,3,sliderule_1379_gt2r_cyc09_20201223,2020-12-23 00:00:00,1,70.8442531154651,-157.93735566468126,13.492945276025544,2020-12-23 00:00:00,2025-12-13 00:00:00,1816.0,4.97,13,7,3,71.56,71.09,72.5,71.56,71.09,6.109,2.708,4.8,6.79,1.37,6.79,1.37,-11.0,13.0,-2.23,-2.54,0.85,3.92,13.63,True,-5.0,5.0,-1.0,-1.09,0.92,1.15,3.98,True,1379,0,,-5.0,-1.0,-1.09,0.92,1.15,3.98,insufficient_data_for_flagging
1379,0.6,gt3,7,170.75,7,sliderule_1379_gt3l_cyc02_20190328,2019-03-28 00:00:00,1,70.8583702274149,-157.85532177054537,18.589118952946727,2019-03-28 00:00:00,2025-12-13 00:00:00,2452.0,6.71,14,14,7,68.18,68.1,67.5,68.177,68.1,34.422,12.315,4.8,6.79,1.01,6.79,1.01,-21.0,64.0,-3.2,-5.03,0.31,18.33,8.63,True,-13.0,14.0,-2.0,-1.68,0.52,3.91,1.84,True,1379,0,,-14.0,-2.09,-1.73,0.51,4.13,1.94,no_outlier_detected
1379,0.6,gt3,9,99.5,3,sliderule_1379_gt3r_cyc06_20200326,2020-03-26 00:00:00,1,70.85849829190126,-157.85118020497185,17.631291610641558,2020-03-26 00:00:00,2025-06-15 00:00:00,1907.0,5.22,14,14,3,68.9,68.75,67.5,68.897,68.75,37.896,13.538,4.8,6.79,1.3,6.79,1.3,-5.0,42.0,-0.99,-3.35,0.16,30.11,99.22,True,-2.0,5.0,-0.47,-0.64,0.57,2.12,6.97,True,1379,0,,-2.0,-0.47,-0.64,0.57,2.12,6.97,insufficient_data_for_flagging
1379,0.6,gt3,10,94.53,7,sliderule_1379_gt3l_cyc02_20190328,2019-03-28 00:00:00,1,70.85840575900498,-157.85428433812757,18.42256185051335,2019-03-28 00:00:00,2025-12-13 00:00:00,2452.0,6.71,14,14,7,68.45,68.58,67.5,68.444,68.58,34.422,17.468,4.8,6.79,1.01,6.79,1.01,9.0,44.0,1.39,-1.55,0.05,16.47,7.75,True,-15.0,15.0,-2.31,-2.0,0.75,2.81,1.32,True,1379,0,,-16.0,-2.38,-2.04,0.74,2.92,1.38,no_outlier_detected
1387,0.4,gt3,8,17.62,6,sliderule_1387_gt3l_cyc05_20191226,2019-12-26 00:00:00,1,70.83530521529983,-158.0018875546668,17.823719964629497,2019-12-26 00:00:00,2023-03-21 00:00:00,1181.0,3.23,12,12,6,60.16,60.16,62.5,60.162,60.16,10.316,3.739,4.8,6.79,2.1,6.79,2.1,-7.0,13.0,-2.11,-2.77,0.63,3.29,2.97,True,-7.0,18.0,-2.09,-2.67,0.25,7.03,6.35,True,1387,2,2020-09-24;2022-09-20,-7.0,-2.16,-2.37,0.9,1.54,2.45,flagged
1387,0.4,gt3,9,16.32,6,sliderule_1387_gt3r_cyc05_20191226,2019-12-26 00:00:00,1,70.83540882563,-158.0043613584918,17.320704003554198,2019-12-26 00:00:00,2024-03-18 00:00:00,1544.0,4.23,12,12,6,58.01,58.03,57.5,58.013,58.025,7.07,3.407,4.8,6.79,1.61,6.79,1.61,9.0,15.0,2.21,0.37,0.01,6.29,4.56,True,2.0,9.0,0.54,-0.27,0.02,3.7,2.68,True,1387,1,2021-03-24,2.0,0.47,0.09,0.03,1.14,0.97,flagged
1387,0.4,gt3,11,14.11,4,sliderule_1387_gt3l_cyc06_20200326,2020-03-26 00:00:00,1,70.8353230033204,-158.00183381876803,17.850075591807222,2020-03-26 00:00:00,2022-09-20 00:00:00,908.0,2.49,12,12,4,60.17,60.18,62.5,60.168,60.175,7.835,3.296,4.8,6.79,2.73,6.79,2.73,-13.0,13.0,-5.33,-3.55,0.59,4.29,9.01,True,-18.0,18.0,-7.33,-3.57,0.24,9.13,19.17,True,1387,0,,-18.0,-7.24,-3.55,0.25,8.95,18.79,no_outlier_detected
1387,0.5,gt2,5,96.34,9,sliderule_1387_gt2l_cyc05_20191226,2019-12-26 00:00:00,1,70.84898249160578,-157.90820222975054,21.16118269152365,2019-12-26 00:00:00,2025-12-14 00:00:00,2180.0,5.97,14,14,9,58.96,58.97,57.5,58.957,58.97,48.039,14.382,4.8,6.79,1.14,6.79,1.14,0.0,75.0,-0.02,-4.72,0.18,23.36,9.03,True,-5.0,28.0,-0.88,-2.43,0.39,6.99,2.7,True,1387,0,,-5.0,-0.84,-2.43,0.39,7.02,2.71,no_outlier_detected
1387,0.5,gt2,6,98.51,9,sliderule_1387_gt2r_cyc05_20191226,2019-12-26 00:00:00,1,70.84899248032703,-157.9084770115531,21.25758943446586,2019-12-26 00:00:00,2025-12-14 00:00:00,2180.0,5.97,14,14,9,58.97,58.97,57.5,58.97,58.97,59.948,17.837,4.8,6.79,1.14,6.79,1.14,58.0,63.0,9.66,4.07,0.13,24.35,9.41,True,-2.0,34.0,-0.38,-1.05,0.05,10.28,3.98,True,1387,3,2021-03-24;2022-09-20;2020-09-24,-2.0,-0.34,-0.82,0.18,4.99,2.45,flagged
1387,0.6,gt1,1,99.55,8,sliderule_1387_gt1l_cyc05_20191226,2019-12-26 00:00:00,1,70.86665413243462,-157.8116971994703,17.39858458444531,2019-12-26 00:00:00,2025-12-14 00:00:00,2180.0,5.97,15,15,8,48.66,46.73,47.5,48.661,46.725,55.761,17.685,4.8,6.79,1.14,6.79,1.14,4.0,82.0,0.71,1.3,0.01,32.64,15.36,True,0.0,22.0,0.0,0.86,0.05,7.86,3.7,True,1387,0,,0.0,0.0,0.83,0.05,7.92,3.73,no_outlier_detected
1387,0.6,gt1,2,17.04,3,sliderule_1387_gt1r_cyc05_20191226,2019-12-26 00:00:00,1,70.86671989267863,-157.81358424557695,16.87122390544102,2019-12-26 00:00:00,2025-06-15 00:00:00,1998.0,5.47,15,15,3,54.5,54.5,52.5,54.503,54.5,11.074,3.947,4.8,6.79,1.24,6.79,1.24,2.0,13.0,0.28,-0.47,0.04,9.58,30.02,True,1.0,1.0,0.14,0.1,0.39,0.5,1.55,True,1387,0,,1.0,0.14,0.1,0.39,0.5,1.55,insufficient_data_for_flagging
1387,0.6,gt1,3,109.89,10,sliderule_1387_gt1r_cyc05_20191226,2019-12-26 00:00:00,1,70.86668532547193,-157.8123096367508,17.09279048718152,2019-12-26 00:00:00,2025-12-14 00:00:00,2180.0,5.97,15,15,10,53.71,54.49,52.5,53.712,54.485,89.119,16.908,4.8,6.79,1.14,6.79,1.14,78.0,89.0,13.02,5.09,0.19,23.39,8.49,True,-11.0,21.0,-1.92,-0.87,0.11,5.64,2.05,True,1387,3,2025-12-14;2022-09-20;2022-03-23,0.0,0.0,0.16,0.12,1.03,0.5,flagged
