track_id,ClusterSize,bias_tolerance,gt_family,cluster_id,NSM,SCE,EPR,LRR,LR2,LSE,LCI,TemporalSpan_days,ValidRegression,angle_deg,center_lat,center_lon
0129,6,0.25,gt1,11,-84.32,-84.32,-21.2,,,,,1453.0,False,87.3,70.88026837387642,-153.88983945881142
0129,6,0.25,gt1,14,-95.54,-95.54,-20.22,-14.07,0.63,29.31,32.6,1726.0,True,87.89,70.88027498531062,-153.88969654364806
0129,6,0.25,gt1,29,-90.66,-90.66,-19.19,-18.07,0.98,10.12,35.81,1726.0,True,78.75,70.88037265301644,-153.8873941752732
0129,6,0.25,gt1,20,0.75,-0.75,,,,,,90.0,False,78.71,70.88040713647302,-153.88658469156755
0129,6,0.25,gt1,28,-13.84,-13.84,-11.13,,,,,454.0,False,78.86,70.88035664592209,-153.88777034609
0129,6,0.25,gt1,25,-2.96,-2.96,,,,,,181.0,False,78.95,70.88036548268313,-153.88756256151805
0129,6,0.25,gt1,3,-71.02,-71.02,-16.8,,,,,1544.0,False,87.08,70.88029006268154,-153.88933074531005
0129,6,0.25,gt1,10,-54.3,-54.3,,,,,,272.0,False,87.31,70.88025239335262,-153.89021498334353
0129,6,0.25,gt2,36,-62.07,-62.07,-22.69,-22.47,0.96,8.79,57.67,999.0,True,83.87,70.88444589341877,-153.8018837176998
0129,6,0.25,gt2,51,-198.04,-198.04,-99.63,,,,,726.0,False,83.93,70.88443686868048,-153.80209933991347
0129,6,0.25,gt2,59,-80.71,-80.71,-15.46,-15.49,0.99,4.46,15.35,1907.0,True,83.96,70.88454631223382,-153.7995025712523
0129,6,0.25,gt2,46,,,,,,,,,False,84.0,70.8844327440643,-153.8021973058961
0129,6,0.25,gt2,66,-32.91,-32.91,-13.24,-13.3,1.0,1.13,8.1,908.0,True,84.0,70.88454336542102,-153.79957270612326
0129,6,0.25,gt2,61,,,,,,,,,False,83.87,70.88456561644242,-153.79904410917118
0129,6,0.25,gt2,41,,,,,,,,,False,83.88,70.88451015531544,-153.8003588152845
0129,6,0.25,gt2,47,,,,,,,,,False,83.88,70.88445525465531,-153.80166253727802
0129,6,0.25,gt2,60,,,,,,,,,False,83.91,70.88442104941538,-153.8024776685578
0129,6,0.25,gt2,53,1.83,-1.83,,,,,,90.0,False,84.0,70.8845835449748,-153.79861822470795
0129,6,0.25,gt3,70,-42.5,-42.5,-14.24,,,,,1090.0,False,87.31,70.88655457877552,-153.7126363526261
0129,6,0.25,gt3,71,-84.47,-84.47,-30.88,-30.37,0.9,19.56,128.41,999.0,True,87.31,70.88653501150105,-153.7131065306698
0129,6,0.25,gt3,90,-83.6,-83.6,-30.57,,,,,999.0,False,83.43,70.88663722752034,-153.71065261043125
0129,6,0.25,gt3,85,1.16,-1.16,,,,,,90.0,False,83.58,70.88667115076248,-153.70983720534053
0129,6,0.25,gt3,94,,,,,,,,,False,83.67,70.88665957573494,-153.7101153305349
0129,6,0.25,gt3,81,,,,,,,,,False,87.51,70.88657863158579,-153.71205804309537
0129,6,0.25,gt3,91,163.35,-163.35,131.41,,,,,454.0,False,87.6,70.88650943973438,-153.71372336440064
0129,6,0.25,gt3,80,-34.66,-34.66,-27.88,,,,,454.0,False,88.92,70.88641098460201,-153.71608566795854
0129,6,0.5,gt1,11,-84.32,-84.32,-21.2,,,,,1453.0,False,87.3,70.88026837387642,-153.88983945881142
0129,6,0.5,gt1,14,-95.54,-95.54,-20.22,-14.07,0.63,29.31,32.6,1726.0,True,87.89,70.88027498531062,-153.88969654364806
0129,6,0.5,gt1,29,-90.66,-90.66,-19.19,-18.07,0.98,10.12,35.81,1726.0,True,78.75,70.88037265301644,-153.8873941752732
0129,6,0.5,gt1,20,0.75,-0.75,,,,,,90.0,False,78.71,70.88040713647302,-153.88658469156755
0129,6,0.5,gt1,28,-13.84,-13.84,-11.13,,,,,454.0,False,78.86,70.88035664592209,-153.88777034609
0129,6,0.5,gt1,25,-2.96,-2.96,,,,,,181.0,False,78.95,70.88036548268313,-153.88756256151805
0129,6,0.5,gt1,3,-71.02,-71.02,-16.8,,,,,1544.0,False,87.08,70.88029006268154,-153.88933074531005
0129,6,0.5,gt1,10,-54.3,-54.3,,,,,,272.0,False,87.31,70.88025239335262,-153.89021498334353
0129,6,0.5,gt2,36,-62.07,-62.07,-22.69,-22.47,0.96,8.79,57.67,999.0,True,83.87,70.88444589341877,-153.8018837176998
0129,6,0.5,gt2,51,-198.04,-198.04,-99.63,,,,,726.0,False,83.93,70.88443686868048,-153.80209933991347
0129,6,0.5,gt2,59,-80.71,-80.71,-15.46,-15.49,0.99,4.46,15.35,1907.0,True,83.96,70.88454631223382,-153.7995025712523
0129,6,0.5,gt2,46,,,,,,,,,False,84.0,70.8844327440643,-153.8021973058961
0129,6,0.5,gt2,66,-32.91,-32.91,-13.24,-13.3,1.0,1.13,8.1,908.0,True,84.0,70.88454336542102,-153.79957270612326
0129,6,0.5,gt2,61,,,,,,,,,False,83.87,70.88456561644242,-153.79904410917118
0129,6,0.5,gt2,41,,,,,,,,,False,83.88,70.88451015531544,-153.8003588152845
0129,6,0.5,gt2,47,,,,,,,,,False,83.88,70.88445525465531,-153.80166253727802
0129,6,0.5,gt2,60,,,,,,,,,False,83.91,70.88442104941538,-153.8024776685578
0129,6,0.5,gt2,53,1.83,-1.83,,,,,,90.0,False,84.0,70.8845835449748,-153.79861822470795
0129,6,0.5,gt3,70,-42.5,-42.5,-14.24,,,,,1090.0,False,87.31,70.88655457877552,-153.7126363526261
0129,6,0.5,gt3,71,-84.47,-84.47,-30.88,-30.37,0.9,19.56,128.41,999.0,True,87.31,70.88653501150105,-153.7131065306698
0129,6,0.5,gt3,90,-83.6,-83.6,-30.57,,,,,999.0,False,83.43,70.88663722752034,-153.71065261043125
0129,6,0.5,gt3,85,1.16,-1.16,,,,,,90.0,False,83.58,70.88667115076248,-153.70983720534053
0129,6,0.5,gt3,94,,,,,,,,,False,83.67,70.88665957573494,-153.7101153305349
0129,6,0.5,gt3,81,-26.44,-26.44,,,,,,272.0,False,87.51,70.88657863158579,-153.71205804309537
0129,6,0.5,gt3,91,163.35,-163.35,131.41,,,,,454.0,False,87.6,70.88650943973438,-153.71372336440064
0129,6,0.5,gt3,80,-34.66,-34.66,-27.88,,,,,454.0,False,88.92,70.88641098460201,-153.71608566795854
0129,6,0.75,gt1,11,-84.32,-84.32,-21.2,,,,,1453.0,False,87.3,70.88026837387642,-153.88983945881142
0129,6,0.75,gt1,14,-95.54,-95.54,-20.22,-14.07,0.63,29.31,32.6,1726.0,True,87.89,70.88027498531062,-153.88969654364806
0129,6,0.75,gt1,29,-90.66,-90.66,-19.19,-18.07,0.98,10.12,35.81,1726.0,True,78.75,70.88037265301644,-153.8873941752732
0129,6,0.75,gt1,20,0.75,-0.75,,,,,,90.0,False,78.71,70.88040713647302,-153.88658469156755
0129,6,0.75,gt1,28,-13.84,-13.84,-11.13,,,,,454.0,False,78.86,70.88035664592209,-153.88777034609
0129,6,0.75,gt1,25,-2.96,-2.96,,,,,,181.0,False,78.95,70.88036548268313,-153.88756256151805
0129,6,0.75,gt1,3,-71.02,-71.02,-16.8,,,,,1544.0,False,87.08,70.88029006268154,-153.88933074531005
0129,6,0.75,gt1,10,-54.3,-54.3,,,,,,272.0,False,87.31,70.88025239335262,-153.89021498334353
0129,6,0.75,gt2,36,-62.07,-62.07,-22.69,-22.47,0.96,8.79,57.67,999.0,True,83.87,70.88444589341877,-153.8018837176998
0129,6,0.75,gt2,51,-198.04,-198.04,-99.63,,,,,726.0,False,83.93,70.88443686868048,-153.80209933991347
0129,6,0.75,gt2,59,-80.71,-80.71,-15.46,-15.49,0.99,4.46,15.35,1907.0,True,83.96,70.88454631223382,-153.7995025712523
0129,6,0.75,gt2,46,,,,,,,,,False,84.0,70.8844327440643,-153.8021973058961
0129,6,0.75,gt2,66,-32.91,-32.91,-13.24,-13.3,1.0,1.13,8.1,908.0,True,84.0,70.88454336542102,-153.79957270612326
0129,6,0.75,gt2,61,,,,,,,,,False,83.87,70.88456561644242,-153.79904410917118
0129,6,0.75,gt2,41,,,,,,,,,False,83.88,70.88451015531544,-153.8003588152845
0129,6,0.75,gt2,47,,,,,,,,,False,83.88,70.88445525465531,-153.80166253727802
0129,6,0.75,gt2,60,,,,,,,,,False,83.91,70.88442104941538,-153.8024776685578
0129,6,0.75,gt2,53,1.83,-1.83,,,,,,90.0,False,84.0,70.8845835449748,-153.79861822470795
0129,6,0.75,gt3,70,-42.5,-42.5,-14.24,,,,,1090.0,False,87.31,70.88655457877552,-153.7126363526261
0129,6,0.75,gt3,71,-84.47,-84.47,-30.88,-30.37,0.9,19.56,128.41,999.0,True,87.31,70.88653501150105,-153.7131065306698
0129,6,0.75,gt3,90,-83.6,-83.6,-30.57,,,,,999.0,False,83.43,70.88663722752034,-153.71065261043125
0129,6,0.75,gt3,85,1.16,-1.16,,,,,,90.0,False,83.58,70.88667115076248,-153.70983720534053
0129,6,0.75,gt3,94,,,,,,,,,False,83.67,70.88665957573494,-153.7101153305349
0129,6,0.75,gt3,81,-26.44,-26.44,,,,,,272.0,False,87.51,70.88657863158579,-153.71205804309537
0129,6,0.75,gt3,91,163.35,-163.35,131.41,,,,,454.0,False,87.6,70.88650943973438,-153.71372336440064
0129,6,0.75,gt3,80,-34.66,-34.66,-27.88,,,,,454.0,False,88.92,70.88641098460201,-153.71608566795854
0129,6,1.0,gt1,11,-84.32,-84.32,-21.2,,,,,1453.0,False,87.3,70.88026837387642,-153.88983945881142
0129,6,1.0,gt1,14,-95.54,-95.54,-20.22,-14.07,0.63,29.31,32.6,1726.0,True,87.89,70.88027498531062,-153.88969654364806
0129,6,1.0,gt1,29,-90.66,-90.66,-19.19,-18.07,0.98,10.12,35.81,1726.0,True,78.75,70.88037265301644,-153.8873941752732
0129,6,1.0,gt1,20,0.75,-0.75,,,,,,90.0,False,78.71,70.88040713647302,-153.88658469156755
0129,6,1.0,gt1,28,-13.84,-13.84,-11.13,,,,,454.0,False,78.86,70.88035664592209,-153.88777034609
0129,6,1.0,gt1,25,-2.96,-2.96,,,,,,181.0,False,78.95,70.88036548268313,-153.88756256151805
0129,6,1.0,gt1,3,-71.02,-71.02,-16.8,,,,,1544.0,False,87.08,70.88029006268154,-153.88933074531005
0129,6,1.0,gt1,10,-54.3,-54.3,,,,,,272.0,False,87.31,70.88025239335262,-153.89021498334353
0129,6,1.0,gt2,36,-62.07,-62.07,-22.69,-22.47,0.96,8.79,57.67,999.0,True,83.87,70.88444589341877,-153.8018837176998
0129,6,1.0,gt2,51,-198.04,-198.04,-99.63,,,,,726.0,False,83.93,70.88443686868048,-153.80209933991347
0129,6,1.0,gt2,59,-80.71,-80.71,-15.46,-15.49,0.99,4.46,15.35,1907.0,True,83.96,70.88454631223382,-153.7995025712523
0129,6,1.0,gt2,46,,,,,,,,,False,84.0,70.8844327440643,-153.8021973058961
0129,6,1.0,gt2,66,-32.91,-32.91,-13.24,-13.3,1.0,1.13,8.1,908.0,True,84.0,70.88454336542102,-153.79957270612326
0129,6,1.0,gt2,61,,,,,,,,,False,83.87,70.88456561644242,-153.79904410917118
0129,6,1.0,gt2,41,,,,,,,,,False,83.88,70.88451015531544,-153.8003588152845
0129,6,1.0,gt2,47,,,,,,,,,False,83.88,70.88445525465531,-153.80166253727802
0129,6,1.0,gt2,60,,,,,,,,,False,83.91,70.88442104941538,-153.8024776685578
0129,6,1.0,gt2,53,1.83,-1.83,,,,,,90.0,False,84.0,70.8845835449748,-153.79861822470795
0129,6,1.0,gt3,70,-42.5,-42.5,-14.24,,,,,1090.0,False,87.31,70.88655457877552,-153.7126363526261
0129,6,1.0,gt3,71,-84.47,-84.47,-30.88,-30.37,0.9,19.56,128.41,999.0,True,87.31,70.88653501150105,-153.7131065306698
0129,6,1.0,gt3,90,-83.6,-83.6,-30.57,,,,,999.0,False,83.43,70.88663722752034,-153.71065261043125
0129,6,1.0,gt3,85,1.16,-1.16,,,,,,90.0,False,83.58,70.88667115076248,-153.70983720534053
0129,6,1.0,gt3,94,,,,,,,,,False,83.67,70.88665957573494,-153.7101153305349
0129,6,1.0,gt3,81,-26.44,-26.44,,,,,,272.0,False,87.51,70.88657863158579,-153.71205804309537
0129,6,1.0,gt3,91,163.35,-163.35,131.41,,,,,454.0,False,87.6,70.88650943973438,-153.71372336440064
0129,6,1.0,gt3,80,-34.66,-34.66,-27.88,,,,,454.0,False,88.92,70.88641098460201,-153.71608566795854
0129,12,0.25,gt1,4,-95.54,-95.54,-20.22,-17.78,0.95,11.44,12.72,1726.0,True,87.11,70.88027228906672,-153.8897475146822
0129,12,0.25,gt1,29,-90.66,-90.66,-19.19,-16.62,0.93,12.27,13.65,1726.0,True,78.73,70.88037265293951,-153.887394177252
0129,12,0.25,gt1,32,-90.66,-90.66,-19.19,-16.62,0.93,12.27,13.65,1726.0,True,78.98,70.88037555895686,-153.88732594923772
0129,12,0.25,gt1,15,-26.85,-26.85,-9.82,,,,,999.0,False,78.99,70.88035821871887,-153.88773060078165
0129,12,0.25,gt1,20,-78.97,-79.73,-15.88,-16.33,1.0,3.38,10.84,1816.0,True,78.71,70.88040713737,-153.88658466982687
0129,12,0.25,gt1,3,-71.02,-71.02,-16.8,,,,,1544.0,False,87.07,70.88029006411013,-153.88933071066464
0129,12,0.25,gt1,2,-66.2,-66.2,-13.32,,,,,1816.0,False,87.3,70.88030672865311,-153.88893932982438
0129,12,0.25,gt1,10,-54.3,-54.3,,,,,,272.0,False,87.3,70.88025239200213,-153.89021501388208
0129,12,0.25,gt2,50,-249.28,-265.8,-43.59,-35.07,0.63,67.8,37.68,2089.0,True,84.17,70.88443808381204,-153.8020702414195
0129,12,0.25,gt2,59,-96.24,-96.24,-18.43,-18.61,0.98,7.51,8.48,1907.0,True,83.97,70.88454631307678,-153.7995025513347
0129,12,0.25,gt2,45,33.11,-33.11,11.09,,,,,1090.0,False,83.94,70.88445954746878,-153.80150474935945
0129,12,0.25,gt2,63,-28.95,-28.95,-10.58,,,,,999.0,False,84.16,70.88456391586973,-153.79908442349057
0129,12,0.25,gt2,41,-40.11,-40.11,-13.44,,,,,1090.0,False,83.88,70.88451015570288,-153.80035880607429
0129,12,0.25,gt2,44,,,,,,,,,False,83.88,70.88431965547778,-153.80488227065857
0129,12,0.25,gt2,60,,,,,,,,,False,83.92,70.8844210500136,-153.8024776543741
0129,12,0.25,gt2,53,1.83,-1.83,,,,,,90.0,False,84.01,70.88458354636433,-153.79861819154812
0129,12,0.25,gt3,71,-91.13,-91.13,-24.42,-23.48,0.86,18.9,28.6,1363.0,True,87.3,70.8865350143874,-153.71310645765595
0129,12,0.25,gt3,90,-83.6,-83.6,-30.57,-30.13,0.92,16.77,110.07,999.0,True,83.43,70.88663722730604,-153.71065261484023
0129,12,0.25,gt3,87,-24.53,-24.53,-16.44,,,,,545.0,False,83.47,70.88664407067049,-153.71048799750025
0129,12,0.25,gt3,86,1.16,-1.16,,,,,,90.0,False,83.71,70.88666802011412,-153.70991209301695
0129,12,0.25,gt3,70,-42.5,-42.5,-14.24,,,,,1090.0,False,87.31,70.88655458087656,-153.71263630022958
0129,12,0.25,gt3,81,147.17,-147.17,34.82,,,,,1544.0,False,87.5,70.88657863054937,-153.71205806807717
0129,12,0.25,gt3,91,163.35,-163.35,131.41,,,,,454.0,False,87.59,70.8865094400924,-153.71372335587014
0129,12,0.25,gt3,80,-34.66,-34.66,-27.88,,,,,454.0,False,88.92,70.88641098511812,-153.71608565497945
0129,12,0.5,gt1,4,-95.54,-95.54,-20.22,-17.78,0.95,11.44,12.72,1726.0,True,87.11,70.88027228906672,-153.8897475146822
0129,12,0.5,gt1,29,-90.66,-90.66,-19.19,-16.62,0.93,12.27,13.65,1726.0,True,78.73,70.88037265293951,-153.887394177252
0129,12,0.5,gt1,32,-90.66,-90.66,-19.19,-16.62,0.93,12.27,13.65,1726.0,True,78.98,70.88037555895686,-153.88732594923772
0129,12,0.5,gt1,15,-26.85,-26.85,-9.82,-9.77,0.99,1.54,10.13,999.0,True,78.99,70.88035821871887,-153.88773060078165
0129,12,0.5,gt1,20,-78.97,-79.73,-15.88,-16.33,1.0,3.38,10.84,1816.0,True,78.71,70.88040713737,-153.88658466982687
0129,12,0.5,gt1,3,-71.02,-71.02,-16.8,,,,,1544.0,False,87.07,70.88029006411013,-153.88933071066464
0129,12,0.5,gt1,2,-66.2,-66.2,-13.32,,,,,1816.0,False,87.3,70.88030672865311,-153.88893932982438
0129,12,0.5,gt1,10,-54.3,-54.3,,,,,,272.0,False,87.3,70.88025239200213,-153.89021501388208
0129,12,0.5,gt2,50,-249.28,-265.8,-43.59,-35.07,0.63,67.8,37.68,2089.0,True,84.17,70.88443808381204,-153.8020702414195
0129,12,0.5,gt2,59,-96.24,-96.24,-18.43,-18.61,0.98,7.51,8.48,1907.0,True,83.97,70.88454631307678,-153.7995025513347
0129,12,0.5,gt2,45,33.11,-33.11,11.09,,,,,1090.0,False,83.94,70.88445954746878,-153.80150474935945
0129,12,0.5,gt2,63,-28.95,-28.95,-10.58,,,,,999.0,False,84.16,70.88456391586973,-153.79908442349057
0129,12,0.5,gt2,41,-40.11,-40.11,-13.44,,,,,1090.0,False,83.88,70.88451015570288,-153.80035880607429
0129,12,0.5,gt2,44,,,,,,,,,False,83.88,70.88431965547778,-153.80488227065857
0129,12,0.5,gt2,60,,,,,,,,,False,83.92,70.8844210500136,-153.8024776543741
0129,12,0.5,gt2,53,1.83,-1.83,,,,,,90.0,False,84.01,70.88458354636433,-153.79861819154812
0129,12,0.5,gt3,71,-91.13,-91.13,-24.42,-23.48,0.86,18.9,28.6,1363.0,True,87.3,70.8865350143874,-153.71310645765595
0129,12,0.5,gt3,90,-83.6,-83.6,-30.57,-30.13,0.92,16.77,110.07,999.0,True,83.43,70.88663722730604,-153.71065261484023
0129,12,0.5,gt3,87,-24.53,-24.53,-16.44,,,,,545.0,False,83.47,70.88664407067049,-153.71048799750025
0129,12,0.5,gt3,86,1.16,-1.16,,,,,,90.0,False,83.71,70.88666802011412,-153.70991209301695
0129,12,0.5,gt3,70,-42.5,-42.5,-14.24,,,,,1090.0,False,87.31,70.88655458087656,-153.71263630022958
0129,12,0.5,gt3,81,118.76,-147.17,23.89,27.62,0.9,34.97,117.17,1816.0,True,87.5,70.88657863054937,-153.71205806807717
0129,12,0.5,gt3,91,163.35,-163.35,131.41,,,,,454.0,False,87.59,70.8865094400924,-153.71372335587014
0129,12,0.5,gt3,80,-34.66,-34.66,-27.88,,,,,454.0,False,88.92,70.88641098511812,-153.71608565497945
0129,12,0.75,gt1,4,-95.54,-95.54,-20.22,-17.78,0.95,11.44,12.72,1726.0,True,87.11,70.88027228906672,-153.8897475146822
0129,12,0.75,gt1,29,-90.66,-90.66,-19.19,-16.62,0.93,12.27,13.65,1726.0,True,78.73,70.88037265293951,-153.887394177252
0129,12,0.75,gt1,32,-90.66,-90.66,-19.19,-16.62,0.93,12.27,13.65,1726.0,True,78.98,70.88037555895686,-153.88732594923772
0129,12,0.75,gt1,15,-26.85,-26.85,-9.82,-9.77,0.99,1.54,10.13,999.0,True,78.99,70.88035821871887,-153.88773060078165
0129,12,0.75,gt1,20,-78.97,-79.73,-15.88,-16.33,1.0,3.38,10.84,1816.0,True,78.71,70.88040713737,-153.88658466982687
0129,12,0.75,gt1,3,-71.02,-71.02,-16.8,,,,,1544.0,False,87.07,70.88029006411013,-153.88933071066464
0129,12,0.75,gt1,2,-66.2,-66.2,-13.32,,,,,1816.0,False,87.3,70.88030672865311,-153.88893932982438
0129,12,0.75,gt1,10,-54.3,-54.3,,,,,,272.0,False,87.3,70.88025239200213,-153.89021501388208
0129,12,0.75,gt2,50,-249.28,-265.8,-43.59,-35.07,0.63,67.8,37.68,2089.0,True,84.17,70.88443808381204,-153.8020702414195
0129,12,0.75,gt2,59,-96.24,-96.24,-18.43,-18.61,0.98,7.51,8.48,1907.0,True,83.97,70.88454631307678,-153.7995025513347
0129,12,0.75,gt2,45,33.11,-33.11,11.09,,,,,1090.0,False,83.94,70.88445954746878,-153.80150474935945
0129,12,0.75,gt2,63,-28.95,-28.95,-10.58,,,,,999.0,False,84.16,70.88456391586973,-153.79908442349057
0129,12,0.75,gt2,41,-40.11,-40.11,-13.44,,,,,1090.0,False,83.88,70.88451015570288,-153.80035880607429
0129,12,0.75,gt2,44,,,,,,,,,False,83.88,70.88431965547778,-153.80488227065857
0129,12,0.75,gt2,60,,,,,,,,,False,83.92,70.8844210500136,-153.8024776543741
0129,12,0.75,gt2,53,1.83,-1.83,,,,,,90.0,False,84.01,70.88458354636433,-153.79861819154812
0129,12,0.75,gt3,71,-91.13,-91.13,-24.42,-23.48,0.86,18.9,28.6,1363.0,True,87.3,70.8865350143874,-153.71310645765595
0129,12,0.75,gt3,90,-83.6,-83.6,-30.57,-30.13,0.92,16.77,110.07,999.0,True,83.43,70.88663722730604,-153.71065261484023
0129,12,0.75,gt3,87,-24.53,-24.53,-16.44,,,,,545.0,False,83.47,70.88664407067049,-153.71048799750025
0129,12,0.75,gt3,86,1.16,-1.16,,,,,,90.0,False,83.71,70.88666802011412,-153.70991209301695
0129,12,0.75,gt3,70,-42.5,-42.5,-14.24,,,,,1090.0,False,87.31,70.88655458087656,-153.71263630022958
0129,12,0.75,gt3,81,118.76,-147.17,23.89,27.62,0.9,34.97,117.17,1816.0,True,87.5,70.88657863054937,-153.71205806807717
0129,12,0.75,gt3,91,163.35,-163.35,131.41,,,,,454.0,False,87.59,70.8865094400924,-153.71372335587014
0129,12,0.75,gt3,80,-34.66,-34.66,-27.88,,,,,454.0,False,88.92,70.88641098511812,-153.71608565497945
0129,12,1.0,gt1,4,-95.54,-95.54,-20.22,-17.78,0.95,11.44,12.72,1726.0,True,87.11,70.88027228906672,-153.8897475146822
0129,12,1.0,gt1,29,-90.66,-90.66,-19.19,-16.62,0.93,12.27,13.65,1726.0,True,78.73,70.88037265293951,-153.887394177252
0129,12,1.0,gt1,32,-90.66,-90.66,-19.19,-16.62,0.93,12.27,13.65,1726.0,True,78.98,70.88037555895686,-153.88732594923772
0129,12,1.0,gt1,15,-26.85,-26.85,-9.82,-9.77,0.99,1.54,10.13,999.0,True,78.99,70.88035821871887,-153.88773060078165
0129,12,1.0,gt1,20,-78.97,-79.73,-15.88,-16.33,1.0,3.38,10.84,1816.0,True,78.71,70.88040713737,-153.88658466982687
0129,12,1.0,gt1,3,-71.02,-71.02,-16.8,,,,,1544.0,False,87.07,70.88029006411013,-153.88933071066464
0129,12,1.0,gt1,2,-66.2,-66.2,-13.32,,,,,1816.0,False,87.3,70.88030672865311,-153.88893932982438
0129,12,1.0,gt1,10,-54.3,-54.3,,,,,,272.0,False,87.3,70.88025239200213,-153.89021501388208
0129,12,1.0,gt2,50,-249.28,-265.8,-43.59,-35.07,0.63,67.8,37.68,2089.0,True,84.17,70.88443808381204,-153.8020702414195
0129,12,1.0,gt2,59,-96.24,-96.24,-18.43,-18.61,0.98,7.51,8.48,1907.0,True,83.97,70.88454631307678,-153.7995025513347
0129,12,1.0,gt2,45,33.11,-33.11,11.09,,,,,1090.0,False,83.94,70.88445954746878,-153.80150474935945
0129,12,1.0,gt2,63,-28.95,-28.95,-10.58,,,,,999.0,False,84.16,70.88456391586973,-153.79908442349057
0129,12,1.0,gt2,41,-40.11,-40.11,-13.44,,,,,1090.0,False,83.88,70.88451015570288,-153.80035880607429
0129,12,1.0,gt2,44,,,,,,,,,False,83.88,70.88431965547778,-153.80488227065857
0129,12,1.0,gt2,60,,,,,,,,,False,83.92,70.8844210500136,-153.8024776543741
0129,12,1.0,gt2,53,1.83,-1.83,,,,,,90.0,False,84.01,70.88458354636433,-153.79861819154812
0129,12,1.0,gt3,71,-91.13,-91.13,-24.42,-23.48,0.86,18.9,28.6,1363.0,True,87.3,70.8865350143874,-153.71310645765595
0129,12,1.0,gt3,90,-83.6,-83.6,-30.57,-30.13,0.92,16.77,110.07,999.0,True,83.43,70.88663722730604,-153.71065261484023
0129,12,1.0,gt3,87,-24.53,-24.53,-16.44,,,,,545.0,False,83.47,70.88664407067049,-153.71048799750025
0129,12,1.0,gt3,86,1.16,-1.16,,,,,,90.0,False,83.71,70.88666802011412,-153.70991209301695
0129,12,1.0,gt3,70,-42.5,-42.5,-14.24,,,,,1090.0,False,87.31,70.88655458087656,-153.71263630022958
0129,12,1.0,gt3,81,118.76,-147.17,23.89,27.62,0.9,34.97,117.17,1816.0,True,87.5,70.88657863054937,-153.71205806807717
0129,12,1.0,gt3,91,163.35,-163.35,131.41,,,,,454.0,False,87.59,70.8865094400924,-153.71372335587014
0129,12,1.0,gt3,80,-34.66,-34.66,-27.88,,,,,454.0,False,88.92,70.88641098511812,-153.71608565497945
0129,18,0.25,gt1,25,-90.66,-90.66,-19.19,-17.31,0.92,9.3,6.89,1726.0,True,78.94,70.8803654829799,-153.88756255434885
0129,18,0.25,gt1,14,-95.54,-95.54,-20.22,-18.02,0.9,13.13,10.79,1726.0,True,87.88,70.88027490658638,-153.88969623784678
0129,18,0.25,gt1,29,-90.66,-90.66,-19.19,-16.53,0.91,10.39,7.42,1726.0,True,78.72,70.88037265286376,-153.88739417920073
0129,18,0.25,gt1,27,-97.73,-97.73,-18.72,-17.05,0.95,10.18,7.08,1907.0,True,78.96,70.88038288501423,-153.88715440712105
0129,18,0.25,gt1,3,-71.02,-71.02,-16.8,,,,,1544.0,False,87.06,70.88029006551535,-153.88933067658752
0129,18,0.25,gt1,17,-66.2,-67.32,-13.32,-14.0,0.99,5.75,18.87,1816.0,True,87.32,70.8803008666406,-153.88907684605906
0129,18,0.25,gt1,20,-78.97,-79.73,-15.88,-16.33,1.0,3.38,10.84,1816.0,True,78.72,70.88040713825241,-153.8865846484398
0129,18,0.25,gt1,10,-74.18,-74.18,-49.71,-49.68,0.91,16.36,196.88,545.0,True,87.29,70.88025239067373,-153.8902150439179
0129,18,0.25,gt1,26,278.31,-295.64,223.9,204.06,0.59,149.7,2148.42,454.0,True,87.4,70.88024176599662,-153.89046689619494
0129,18,0.25,gt2,51,-107.21,-107.21,-18.74,-17.71,0.96,8.67,4.82,2089.0,True,83.97,70.88443686334134,-153.8020994647072
0129,18,0.25,gt2,36,-107.21,-107.21,-18.74,-17.57,0.96,9.02,4.98,2089.0,True,83.87,70.88444589230185,-153.80188374396727
0129,18,0.25,gt2,62,-102.99,-102.99,-18.01,-17.78,0.98,6.98,4.87,2089.0,True,84.0,70.88453999845886,-153.79965269016188
0129,18,0.25,gt2,47,-66.61,-66.61,-16.74,-16.59,0.89,12.22,17.51,1453.0,True,83.86,70.88445526359563,-153.801662325528
0129,18,0.25,gt2,42,,,,,,,,,False,83.9,70.8842530308188,-153.8021702371341
0129,18,0.25,gt2,52,-96.24,-96.24,-18.43,-17.37,0.95,9.66,7.51,1907.0,True,83.97,70.88454950965843,-153.7994254382764
0129,18,0.25,gt2,55,-71.99,-71.99,-18.1,-16.87,0.9,16.3,71.96,1453.0,True,83.9,70.88455737344225,-153.7992398078017
0129,18,0.25,gt2,60,,,,,,,,,False,83.93,70.88442105060226,-153.80247764041673
0129,18,0.25,gt2,45,-35.24,-35.24,-11.81,,,,,1090.0,False,83.94,70.88445957182016,-153.8015046413042
0129,18,0.25,gt2,65,-45.67,-45.67,-15.3,,,,,1090.0,False,81.61,70.88453107007933,-153.79771650560144
0129,18,0.25,gt2,41,-40.11,-40.11,-13.44,,,,,1090.0,False,83.88,70.88451015608415,-153.80035879701106
0129,18,0.25,gt2,44,,,,,,,,,False,83.88,70.88431965272848,-153.80488233489237
0129,18,0.25,gt2,53,1.83,-1.83,,,,,,90.0,False,84.01,70.88458354773184,-153.79861815891496
0129,18,0.25,gt3,87,-83.6,-83.6,-30.57,-30.13,0.92,16.77,110.07,999.0,True,83.47,70.88664407059962,-153.71048799921311
0129,18,0.25,gt3,94,-41.15,-41.15,-13.79,,,,,1090.0,False,83.67,70.88665957606277,-153.71011532280068
0129,18,0.25,gt3,86,-39.93,-41.09,-12.36,-12.96,0.99,3.09,15.42,1180.0,True,83.7,70.88666801898461,-153.70991212352953
0129,18,0.25,gt3,71,-91.13,-91.13,-24.42,-23.48,0.86,18.9,28.6,1363.0,True,87.3,70.8865350172282,-153.71310638579806
0129,18,0.25,gt3,82,-5.42,-5.42,-2.42,,,,,817.0,False,87.26,70.88649891923335,-153.71397305767115
0129,18,0.25,gt3,70,-42.5,-42.5,-14.24,,,,,1090.0,False,87.31,70.88655458294423,-153.71263624866455
0129,18,0.25,gt3,81,-67.14,-67.14,-15.88,,,,,1544.0,False,87.49,70.88657862952938,-153.71205809266226
0129,18,0.25,gt3,80,-34.66,-34.66,-27.88,,,,,454.0,False,88.92,70.88641098562599,-153.71608564221054
0129,18,0.5,gt1,25,-82.98,-90.66,-16.68,-16.39,0.92,8.98,5.48,1817.0,True,78.94,70.8803654829799,-153.88756255434885
0129,18,0.5,gt1,14,-95.54,-95.54,-20.22,-18.02,0.9,13.13,10.79,1726.0,True,87.88,70.88027490658638,-153.88969623784678
0129,18,0.5,gt1,29,-90.66,-90.66,-19.19,-16.53,0.91,10.39,7.42,1726.0,True,78.72,70.88037265286376,-153.88739417920073
0129,18,0.5,gt1,27,-97.73,-97.73,-18.72,-17.05,0.95,10.18,7.08,1907.0,True,78.96,70.88038288501423,-153.88715440712105
0129,18,0.5,gt1,3,-71.02,-71.02,-16.8,,,,,1544.0,False,87.06,70.88029006551535,-153.88933067658752
0129,18,0.5,gt1,17,-66.2,-67.32,-13.32,-14.0,0.99,5.75,18.87,1816.0,True,87.32,70.8803008666406,-153.88907684605906
0129,18,0.5,gt1,20,-78.97,-79.73,-15.88,-16.33,1.0,3.38,10.84,1816.0,True,78.72,70.88040713825241,-153.8865846484398
0129,18,0.5,gt1,10,-74.18,-74.18,-49.71,-49.68,0.91,16.36,196.88,545.0,True,87.29,70.88025239067373,-153.8902150439179
0129,18,0.5,gt1,26,278.31,-295.64,223.9,204.06,0.59,149.7,2148.42,454.0,True,87.4,70.88024176599662,-153.89046689619494
0129,18,0.5,gt2,51,-107.21,-107.21,-18.74,-17.71,0.96,8.67,4.82,2089.0,True,83.97,70.88443686334134,-153.8020994647072
0129,18,0.5,gt2,36,-107.21,-107.21,-18.74,-17.57,0.96,9.02,4.98,2089.0,True,83.87,70.88444589230185,-153.80188374396727
0129,18,0.5,gt2,62,-102.99,-102.99,-18.01,-17.78,0.98,6.98,4.87,2089.0,True,84.0,70.88453999845886,-153.79965269016188
0129,18,0.5,gt2,47,-66.61,-66.61,-16.74,-16.59,0.89,12.22,17.51,1453.0,True,83.86,70.88445526359563,-153.801662325528
0129,18,0.5,gt2,42,,,,,,,,,False,83.9,70.8842530308188,-153.8021702371341
0129,18,0.5,gt2,52,-96.24,-96.24,-18.43,-17.37,0.95,9.66,7.51,1907.0,True,83.97,70.88454950965843,-153.7994254382764
0129,18,0.5,gt2,55,-71.99,-71.99,-18.1,-16.87,0.9,16.3,71.96,1453.0,True,83.9,70.88455737344225,-153.7992398078017
0129,18,0.5,gt2,60,,,,,,,,,False,83.93,70.88442105060226,-153.80247764041673
0129,18,0.5,gt2,45,-35.24,-35.24,-11.81,,,,,1090.0,False,83.94,70.88445957182016,-153.8015046413042
0129,18,0.5,gt2,65,-45.67,-45.67,-15.3,,,,,1090.0,False,81.61,70.88453107007933,-153.79771650560144
0129,18,0.5,gt2,41,-40.11,-40.11,-13.44,,,,,1090.0,False,83.88,70.88451015608415,-153.80035879701106
0129,18,0.5,gt2,44,,,,,,,,,False,83.88,70.88431965272848,-153.80488233489237
0129,18,0.5,gt2,53,1.83,-1.83,,,,,,90.0,False,84.01,70.88458354773184,-153.79861815891496
0129,18,0.5,gt3,87,-83.6,-83.6,-30.57,-30.13,0.92,16.77,110.07,999.0,True,83.47,70.88664407059962,-153.71048799921311
0129,18,0.5,gt3,94,-41.15,-41.15,-13.79,,,,,1090.0,False,83.67,70.88665957606277,-153.71011532280068
0129,18,0.5,gt3,86,-39.93,-41.09,-12.36,-12.96,0.99,3.09,15.42,1180.0,True,83.7,70.88666801898461,-153.70991212352953
0129,18,0.5,gt3,71,-91.13,-91.13,-24.42,-23.48,0.86,18.9,28.6,1363.0,True,87.3,70.8865350172282,-153.71310638579806
0129,18,0.5,gt3,82,-5.42,-5.42,-2.42,,,,,817.0,False,87.26,70.88649891923335,-153.71397305767115
0129,18,0.5,gt3,70,-42.5,-42.5,-14.24,,,,,1090.0,False,87.31,70.88655458294423,-153.71263624866455
0129,18,0.5,gt3,81,-93.63,-93.63,-18.83,-17.83,0.98,9.43,31.61,1816.0,True,87.49,70.88657862952938,-153.71205809266226
0129,18,0.5,gt3,80,-34.66,-34.66,-27.88,,,,,454.0,False,88.92,70.88641098562599,-153.71608564221054
0129,18,0.75,gt1,25,-82.98,-90.66,-16.68,-16.39,0.92,8.98,5.48,1817.0,True,78.94,70.8803654829799,-153.88756255434885
0129,18,0.75,gt1,14,-95.54,-95.54,-20.22,-18.02,0.9,13.13,10.79,1726.0,True,87.88,70.88027490658638,-153.88969623784678
0129,18,0.75,gt1,29,-90.66,-90.66,-19.19,-16.53,0.91,10.39,7.42,1726.0,True,78.72,70.88037265286376,-153.88739417920073
0129,18,0.75,gt1,27,-97.73,-97.73,-18.72,-17.05,0.95,10.18,7.08,1907.0,True,78.96,70.88038288501423,-153.88715440712105
0129,18,0.75,gt1,3,-71.02,-71.02,-16.8,,,,,1544.0,False,87.06,70.88029006551535,-153.88933067658752
0129,18,0.75,gt1,17,-66.2,-67.32,-13.32,-14.0,0.99,5.75,18.87,1816.0,True,87.32,70.8803008666406,-153.88907684605906
0129,18,0.75,gt1,20,-78.97,-79.73,-15.88,-16.33,1.0,3.38,10.84,1816.0,True,78.72,70.88040713825241,-153.8865846484398
0129,18,0.75,gt1,10,-74.18,-74.18,-49.71,-49.68,0.91,16.36,196.88,545.0,True,87.29,70.88025239067373,-153.8902150439179
0129,18,0.75,gt1,26,278.31,-295.64,223.9,204.06,0.59,149.7,2148.42,454.0,True,87.4,70.88024176599662,-153.89046689619494
0129,18,0.75,gt2,51,-107.21,-107.21,-18.74,-17.71,0.96,8.67,4.82,2089.0,True,83.97,70.88443686334134,-153.8020994647072
0129,18,0.75,gt2,36,-107.21,-107.21,-18.74,-17.57,0.96,9.02,4.98,2089.0,True,83.87,70.88444589230185,-153.80188374396727
0129,18,0.75,gt2,62,-102.99,-102.99,-18.01,-17.78,0.98,6.98,4.87,2089.0,True,84.0,70.88453999845886,-153.79965269016188
0129,18,0.75,gt2,47,-66.61,-66.61,-16.74,-16.59,0.89,12.22,17.51,1453.0,True,83.86,70.88445526359563,-153.801662325528
0129,18,0.75,gt2,42,,,,,,,,,False,83.9,70.8842530308188,-153.8021702371341
0129,18,0.75,gt2,52,-96.24,-96.24,-18.43,-17.37,0.95,9.66,7.51,1907.0,True,83.97,70.88454950965843,-153.7994254382764
0129,18,0.75,gt2,55,-71.99,-71.99,-18.1,-16.87,0.9,16.3,71.96,1453.0,True,83.9,70.88455737344225,-153.7992398078017
0129,18,0.75,gt2,60,,,,,,,,,False,83.93,70.88442105060226,-153.80247764041673
0129,18,0.75,gt2,45,-35.24,-35.24,-11.81,,,,,1090.0,False,83.94,70.88445957182016,-153.8015046413042
0129,18,0.75,gt2,65,-45.67,-45.67,-15.3,,,,,1090.0,False,81.61,70.88453107007933,-153.79771650560144
0129,18,0.75,gt2,41,-40.11,-40.11,-13.44,,,,,1090.0,False,83.88,70.88451015608415,-153.80035879701106
0129,18,0.75,gt2,44,,,,,,,,,False,83.88,70.88431965272848,-153.80488233489237
0129,18,0.75,gt2,53,1.83,-1.83,,,,,,90.0,False,84.01,70.88458354773184,-153.79861815891496
0129,18,0.75,gt3,87,-83.6,-83.6,-30.57,-30.13,0.92,16.77,110.07,999.0,True,83.47,70.88664407059962,-153.71048799921311
0129,18,0.75,gt3,94,-41.15,-41.15,-13.79,,,,,1090.0,False,83.67,70.88665957606277,-153.71011532280068
0129,18,0.75,gt3,86,-39.93,-41.09,-12.36,-12.96,0.99,3.09,15.42,1180.0,True,83.7,70.88666801898461,-153.70991212352953
0129,18,0.75,gt3,71,-91.13,-91.13,-24.42,-23.48,0.86,18.9,28.6,1363.0,True,87.3,70.8865350172282,-153.71310638579806
0129,18,0.75,gt3,82,-5.42,-5.42,-2.42,,,,,817.0,False,87.26,70.88649891923335,-153.71397305767115
0129,18,0.75,gt3,70,-42.5,-42.5,-14.24,,,,,1090.0,False,87.31,70.88655458294423,-153.71263624866455
0129,18,0.75,gt3,81,-93.63,-93.63,-18.83,-17.83,0.98,9.43,31.61,1816.0,True,87.49,70.88657862952938,-153.71205809266226
0129,18,0.75,gt3,80,-34.66,-34.66,-27.88,,,,,454.0,False,88.92,70.88641098562599,-153.71608564221054
0129,18,1.0,gt1,25,-82.98,-90.66,-16.68,-16.39,0.92,8.98,5.48,1817.0,True,78.94,70.8803654829799,-153.88756255434885
0129,18,1.0,gt1,14,-95.54,-95.54,-20.22,-18.02,0.9,13.13,10.79,1726.0,True,87.88,70.88027490658638,-153.88969623784678
0129,18,1.0,gt1,29,-90.66,-90.66,-19.19,-16.53,0.91,10.39,7.42,1726.0,True,78.72,70.88037265286376,-153.88739417920073
0129,18,1.0,gt1,27,-97.73,-97.73,-18.72,-17.05,0.95,10.18,7.08,1907.0,True,78.96,70.88038288501423,-153.88715440712105
0129,18,1.0,gt1,3,-71.02,-71.02,-16.8,,,,,1544.0,False,87.06,70.88029006551535,-153.88933067658752
0129,18,1.0,gt1,17,-66.2,-67.32,-13.32,-14.0,0.99,5.75,18.87,1816.0,True,87.32,70.8803008666406,-153.88907684605906
0129,18,1.0,gt1,20,-78.97,-79.73,-15.88,-16.33,1.0,3.38,10.84,1816.0,True,78.72,70.88040713825241,-153.8865846484398
0129,18,1.0,gt1,10,-74.18,-74.18,-49.71,-49.68,0.91,16.36,196.88,545.0,True,87.29,70.88025239067373,-153.8902150439179
0129,18,1.0,gt1,26,278.31,-295.64,223.9,204.06,0.59,149.7,2148.42,454.0,True,87.4,70.88024176599662,-153.89046689619494
0129,18,1.0,gt2,51,-107.21,-107.21,-18.74,-17.71,0.96,8.67,4.82,2089.0,True,83.97,70.88443686334134,-153.8020994647072
0129,18,1.0,gt2,36,-107.21,-107.21,-18.74,-17.57,0.96,9.02,4.98,2089.0,True,83.87,70.88444589230185,-153.80188374396727
0129,18,1.0,gt2,62,-102.99,-102.99,-18.01,-17.78,0.98,6.98,4.87,2089.0,True,84.0,70.88453999845886,-153.79965269016188
0129,18,1.0,gt2,47,-66.61,-66.61,-16.74,-16.59,0.89,12.22,17.51,1453.0,True,83.86,70.88445526359563,-153.801662325528
0129,18,1.0,gt2,42,,,,,,,,,False,83.9,70.8842530308188,-153.8021702371341
0129,18,1.0,gt2,52,-96.24,-96.24,-18.43,-17.37,0.95,9.66,7.51,1907.0,True,83.97,70.88454950965843,-153.7994254382764
0129,18,1.0,gt2,55,-71.99,-71.99,-18.1,-16.87,0.9,16.3,71.96,1453.0,True,83.9,70.88455737344225,-153.7992398078017
0129,18,1.0,gt2,60,,,,,,,,,False,83.93,70.88442105060226,-153.80247764041673
0129,18,1.0,gt2,45,-35.24,-35.24,-11.81,,,,,1090.0,False,83.94,70.88445957182016,-153.8015046413042
0129,18,1.0,gt2,65,-45.67,-45.67,-15.3,,,,,1090.0,False,81.61,70.88453107007933,-153.79771650560144
0129,18,1.0,gt2,41,-40.11,-40.11,-13.44,,,,,1090.0,False,83.88,70.88451015608415,-153.80035879701106
0129,18,1.0,gt2,44,,,,,,,,,False,83.88,70.88431965272848,-153.80488233489237
0129,18,1.0,gt2,53,1.83,-1.83,,,,,,90.0,False,84.01,70.88458354773184,-153.79861815891496
0129,18,1.0,gt3,87,-83.6,-83.6,-30.57,-30.13,0.92,16.77,110.07,999.0,True,83.47,70.88664407059962,-153.71048799921311
0129,18,1.0,gt3,94,-41.15,-41.15,-13.79,,,,,1090.0,False,83.67,70.88665957606277,-153.71011532280068
0129,18,1.0,gt3,86,-39.93,-41.09,-12.36,-12.96,0.99,3.09,15.42,1180.0,True,83.7,70.88666801898461,-153.70991212352953
0129,18,1.0,gt3,71,-91.13,-91.13,-24.42,-23.48,0.86,18.9,28.6,1363.0,True,87.3,70.8865350172282,-153.71310638579806
0129,18,1.0,gt3,82,-5.42,-112.19,-2.42,1.2,0.0,89.45,716.68,817.0,True,87.26,70.88649891923335,-153.71397305767115
0129,18,1.0,gt3,70,-42.5,-42.5,-14.24,,,,,1090.0,False,87.31,70.88655458294423,-153.71263624866455
0129,18,1.0,gt3,81,-93.63,-93.63,-18.83,-17.83,0.98,9.43,31.61,1816.0,True,87.49,70.88657862952938,-153.71205809266226
0129,18,1.0,gt3,80,-34.66,-34.66,-27.88,,,,,454.0,False,88.92,70.88641098562599,-153.71608564221054
0129,24,0.25,gt1,25,-82.98,-90.66,-16.68,-15.52,0.91,9.02,4.81,1817.0,True,78.93,70.88036548312473,-153.8875625508534
0129,24,0.25,gt1,29,-90.66,-90.66,-19.19,-16.53,0.91,10.39,7.42,1726.0,True,78.7,70.88037265278913,-153.88739418112004
0129,24,0.25,gt1,9,-98.89,-98.89,-18.94,-17.49,0.96,8.39,4.72,1907.0,True,87.34,70.8802802483723,-153.8895947245525
0129,24,0.25,gt1,7,-128.22,-128.22,-28.64,-22.03,0.82,19.91,14.15,1635.0,True,87.35,70.88026440227922,-153.88993277982772
0129,24,0.25,gt1,21,-97.73,-97.73,-18.72,-16.98,0.95,9.25,5.6,1907.0,True,79.0,70.88037694134351,-153.88729367960795
0129,24,0.25,gt1,16,-69.63,-71.02,-14.74,-15.9,0.97,7.09,8.18,1726.0,True,87.37,70.88029619216438,-153.8893259748098
0129,24,0.25,gt1,20,-78.97,-79.73,-15.88,-16.33,1.0,3.38,10.84,1816.0,True,78.72,70.88040713912052,-153.8865846273977
0129,24,0.25,gt1,10,-73.78,-73.78,-42.37,-41.79,0.89,14.49,45.72,636.0,True,87.28,70.88025238936717,-153.89021507346328
0129,24,0.25,gt1,17,-66.2,-70.31,-13.32,-14.7,0.99,5.38,5.01,1816.0,True,87.3,70.8803008647897,-153.8890768893855
0129,24,0.25,gt1,26,-71.92,-350.22,-48.2,47.05,0.04,188.57,711.74,545.0,True,87.39,70.88024176546398,-153.89046690884274
0129,24,0.25,gt1,12,,,,,,,,,False,87.18,70.88012847943446,-153.89312530211157
0129,24,0.25,gt2,36,-107.21,-107.21,-18.74,-17.38,0.95,9.02,4.58,2089.0,True,83.86,70.88444589175647,-153.80188375679222
0129,24,0.25,gt2,46,-107.21,-107.21,-18.74,-17.71,0.96,8.67,4.82,2089.0,True,84.05,70.88443274740634,-153.80219722664674
0129,24,0.25,gt2,59,-102.99,-102.99,-18.01,-16.64,0.96,8.76,4.87,2089.0,True,83.99,70.88454631472312,-153.79950251243625
0129,24,0.25,gt2,47,-66.61,-66.61,-16.74,-16.08,0.89,10.45,10.62,1453.0,True,83.85,70.88445526796043,-153.80166222214663
0129,24,0.25,gt2,42,,,,,,,,,False,83.89,70.88425303081878,-153.8021702371341
0129,24,0.25,gt2,55,-71.99,-71.99,-18.1,-17.55,0.9,12.49,17.88,1453.0,True,83.9,70.88455737301817,-153.79923981765634
0129,24,0.25,gt2,65,-45.67,-45.67,-15.3,,,,,1090.0,False,82.06,70.88453106961032,-153.79771651657586
0129,24,0.25,gt2,41,-40.11,-40.11,-13.44,,,,,1090.0,False,83.88,70.88451015645938,-153.8003587880914
0129,24,0.25,gt2,44,,,,,,,,,False,83.88,70.88431965002229,-153.80488239811987
0129,24,0.25,gt2,53,1.83,-1.83,,,,,,90.0,False,84.02,70.88458354907777,-153.7986181267961
0129,24,0.25,gt3,92,-28.83,-88.67,-10.54,-12.14,0.13,59.49,390.42,999.0,True,83.41,70.88665098018028,-153.710322037533
0129,24,0.25,gt3,90,-89.1,-89.1,-23.88,-23.27,0.88,17.47,26.43,1363.0,True,83.42,70.88663722688713,-153.7106526234559
0129,24,0.25,gt3,85,-73.87,-75.03,-17.48,-16.56,0.96,9.24,10.8,1544.0,True,83.62,70.88667114567546,-153.70983732877662
0129,24,0.25,gt3,71,-91.13,-91.13,-24.42,-23.48,0.86,18.9,28.6,1363.0,True,87.29,70.88653502002424,-153.71310631506876
0129,24,0.25,gt3,77,-42.5,-42.5,-14.24,-14.63,0.93,8.56,51.3,1090.0,True,87.44,70.8865567679042,-153.7127442905612
0129,24,0.25,gt3,82,,,,,,,,,False,87.24,70.88649891615074,-153.7139731341518
0129,24,0.25,gt3,81,-67.14,-67.14,-15.88,,,,,1544.0,False,87.48,70.88657862852548,-153.71205811686
0129,24,0.25,gt3,80,-34.66,-34.66,-27.88,,,,,454.0,False,88.92,70.88641098612565,-153.7160856296468
0129,24,0.5,gt1,25,-82.98,-90.66,-16.68,-15.52,0.91,9.02,4.81,1817.0,True,78.93,70.88036548312473,-153.8875625508534
0129,24,0.5,gt1,29,-90.66,-90.66,-19.19,-16.53,0.91,10.39,7.42,1726.0,True,78.7,70.88037265278913,-153.88739418112004
0129,24,0.5,gt1,9,-98.89,-98.89,-18.94,-17.49,0.96,8.39,4.72,1907.0,True,87.34,70.8802802483723,-153.8895947245525
0129,24,0.5,gt1,7,-128.22,-128.22,-28.64,-22.03,0.82,19.91,14.15,1635.0,True,87.35,70.88026440227922,-153.88993277982772
0129,24,0.5,gt1,21,-97.73,-97.73,-18.72,-16.98,0.95,9.25,5.6,1907.0,True,79.0,70.88037694134351,-153.88729367960795
0129,24,0.5,gt1,16,-69.63,-71.02,-14.74,-15.9,0.97,7.09,8.18,1726.0,True,87.37,70.88029619216438,-153.8893259748098
0129,24,0.5,gt1,20,-78.97,-79.73,-15.88,-16.33,1.0,3.38,10.84,1816.0,True,78.72,70.88040713912052,-153.8865846273977
0129,24,0.5,gt1,10,-73.78,-73.78,-42.37,-41.79,0.89,14.49,45.72,636.0,True,87.28,70.88025238936717,-153.89021507346328
0129,24,0.5,gt1,17,-66.2,-70.31,-13.32,-14.7,0.99,5.38,5.01,1816.0,True,87.3,70.8803008647897,-153.8890768893855
0129,24,0.5,gt1,26,-71.92,-350.22,-48.2,47.05,0.04,188.57,711.74,545.0,True,87.39,70.88024176546398,-153.89046690884274
0129,24,0.5,gt1,12,,,,,,,,,False,87.18,70.88012847943446,-153.89312530211157
0129,24,0.5,gt2,36,-107.21,-107.21,-18.74,-17.38,0.95,9.02,4.58,2089.0,True,83.86,70.88444589175647,-153.80188375679222
0129,24,0.5,gt2,46,-107.21,-107.21,-18.74,-17.71,0.96,8.67,4.82,2089.0,True,84.05,70.88443274740634,-153.80219722664674
0129,24,0.5,gt2,59,-102.99,-102.99,-18.01,-16.64,0.96,8.76,4.87,2089.0,True,83.99,70.88454631472312,-153.79950251243625
0129,24,0.5,gt2,47,-66.61,-66.61,-16.74,-16.08,0.89,10.45,10.62,1453.0,True,83.85,70.88445526796043,-153.80166222214663
0129,24,0.5,gt2,42,,,,,,,,,False,83.89,70.88425303081878,-153.8021702371341
0129,24,0.5,gt2,55,-71.99,-71.99,-18.1,-17.55,0.9,12.49,17.88,1453.0,True,83.9,70.88455737301817,-153.79923981765634
0129,24,0.5,gt2,65,-45.67,-45.67,-15.3,,,,,1090.0,False,82.06,70.88453106961032,-153.79771651657586
0129,24,0.5,gt2,41,-40.11,-40.11,-13.44,,,,,1090.0,False,83.88,70.88451015645938,-153.8003587880914
0129,24,0.5,gt2,44,,,,,,,,,False,83.88,70.88431965002229,-153.80488239811987
0129,24,0.5,gt2,53,1.83,-1.83,,,,,,90.0,False,84.02,70.88458354907777,-153.7986181267961
0129,24,0.5,gt3,92,-28.83,-88.67,-10.54,-12.14,0.13,59.49,390.42,999.0,True,83.41,70.88665098018028,-153.710322037533
0129,24,0.5,gt3,90,-89.1,-89.1,-23.88,-23.27,0.88,17.47,26.43,1363.0,True,83.42,70.88663722688713,-153.7106526234559
0129,24,0.5,gt3,85,-73.87,-75.03,-17.48,-16.56,0.96,9.24,10.8,1544.0,True,83.62,70.88667114567546,-153.70983732877662
0129,24,0.5,gt3,71,-91.13,-91.13,-24.42,-23.48,0.86,18.9,28.6,1363.0,True,87.29,70.88653502002424,-153.71310631506876
0129,24,0.5,gt3,77,-42.5,-42.5,-14.24,-14.63,0.93,8.56,51.3,1090.0,True,87.44,70.8865567679042,-153.7127442905612
0129,24,0.5,gt3,82,-61.81,-61.81,-27.63,,,,,817.0,False,87.24,70.88649891615074,-153.7139731341518
0129,24,0.5,gt3,81,-93.63,-93.63,-18.83,-17.83,0.98,9.43,31.61,1816.0,True,87.48,70.88657862852548,-153.71205811686
0129,24,0.5,gt3,80,-34.66,-34.66,-27.88,,,,,454.0,False,88.92,70.88641098612565,-153.7160856296468
0129,24,0.75,gt1,25,-82.98,-90.66,-16.68,-15.52,0.91,9.02,4.81,1817.0,True,78.93,70.88036548312473,-153.8875625508534
0129,24,0.75,gt1,29,-90.66,-90.66,-19.19,-16.53,0.91,10.39,7.42,1726.0,True,78.7,70.88037265278913,-153.88739418112004
0129,24,0.75,gt1,9,-98.89,-98.89,-18.94,-17.49,0.96,8.39,4.72,1907.0,True,87.34,70.8802802483723,-153.8895947245525
0129,24,0.75,gt1,7,-128.22,-128.22,-28.64,-22.03,0.82,19.91,14.15,1635.0,True,87.35,70.88026440227922,-153.88993277982772
0129,24,0.75,gt1,21,-97.73,-97.73,-18.72,-16.98,0.95,9.25,5.6,1907.0,True,79.0,70.88037694134351,-153.88729367960795
0129,24,0.75,gt1,16,-69.63,-71.02,-14.74,-15.9,0.97,7.09,8.18,1726.0,True,87.37,70.88029619216438,-153.8893259748098
0129,24,0.75,gt1,20,-78.97,-79.73,-15.88,-16.33,1.0,3.38,10.84,1816.0,True,78.72,70.88040713912052,-153.8865846273977
0129,24,0.75,gt1,10,-73.78,-73.78,-42.37,-41.79,0.89,14.49,45.72,636.0,True,87.28,70.88025238936717,-153.89021507346328
0129,24,0.75,gt1,17,-66.2,-70.31,-13.32,-14.7,0.99,5.38,5.01,1816.0,True,87.3,70.8803008647897,-153.8890768893855
0129,24,0.75,gt1,26,-71.92,-350.22,-48.2,47.05,0.04,188.57,711.74,545.0,True,87.39,70.88024176546398,-153.89046690884274
0129,24,0.75,gt1,12,,,,,,,,,False,87.18,70.88012847943446,-153.89312530211157
0129,24,0.75,gt2,36,-107.21,-107.21,-18.74,-17.38,0.95,9.02,4.58,2089.0,True,83.86,70.88444589175647,-153.80188375679222
0129,24,0.75,gt2,46,-107.21,-107.21,-18.74,-17.71,0.96,8.67,4.82,2089.0,True,84.05,70.88443274740634,-153.80219722664674
0129,24,0.75,gt2,59,-102.99,-102.99,-18.01,-16.64,0.96,8.76,4.87,2089.0,True,83.99,70.88454631472312,-153.79950251243625
0129,24,0.75,gt2,47,-66.61,-66.61,-16.74,-16.08,0.89,10.45,10.62,1453.0,True,83.85,70.88445526796043,-153.80166222214663
0129,24,0.75,gt2,42,,,,,,,,,False,83.89,70.88425303081878,-153.8021702371341
0129,24,0.75,gt2,55,-71.99,-71.99,-18.1,-17.55,0.9,12.49,17.88,1453.0,True,83.9,70.88455737301817,-153.79923981765634
0129,24,0.75,gt2,65,-45.67,-45.67,-15.3,,,,,1090.0,False,82.06,70.88453106961032,-153.79771651657586
0129,24,0.75,gt2,41,-40.11,-40.11,-13.44,,,,,1090.0,False,83.88,70.88451015645938,-153.8003587880914
0129,24,0.75,gt2,44,,,,,,,,,False,83.88,70.88431965002229,-153.80488239811987
0129,24,0.75,gt2,53,1.83,-1.83,,,,,,90.0,False,84.02,70.88458354907777,-153.7986181267961
0129,24,0.75,gt3,92,-28.83,-88.67,-10.54,-12.14,0.13,59.49,390.42,999.0,True,83.41,70.88665098018028,-153.710322037533
0129,24,0.75,gt3,90,-89.1,-89.1,-23.88,-23.27,0.88,17.47,26.43,1363.0,True,83.42,70.88663722688713,-153.7106526234559
0129,24,0.75,gt3,85,-73.87,-75.03,-17.48,-16.56,0.96,9.24,10.8,1544.0,True,83.62,70.88667114567546,-153.70983732877662
0129,24,0.75,gt3,71,-91.13,-91.13,-24.42,-23.48,0.86,18.9,28.6,1363.0,True,87.29,70.88653502002424,-153.71310631506876
0129,24,0.75,gt3,77,-42.5,-42.5,-14.24,-14.63,0.93,8.56,51.3,1090.0,True,87.44,70.8865567679042,-153.7127442905612
0129,24,0.75,gt3,82,-61.81,-61.81,-27.63,,,,,817.0,False,87.24,70.88649891615074,-153.7139731341518
0129,24,0.75,gt3,81,-93.63,-93.63,-18.83,-17.83,0.98,9.43,31.61,1816.0,True,87.48,70.88657862852548,-153.71205811686
0129,24,0.75,gt3,80,-34.66,-34.66,-27.88,,,,,454.0,False,88.92,70.88641098612565,-153.7160856296468
0129,24,1.0,gt1,25,-82.98,-90.66,-16.68,-15.52,0.91,9.02,4.81,1817.0,True,78.93,70.88036548312473,-153.8875625508534
0129,24,1.0,gt1,29,-90.66,-90.66,-19.19,-16.53,0.91,10.39,7.42,1726.0,True,78.7,70.88037265278913,-153.88739418112004
0129,24,1.0,gt1,9,-98.89,-98.89,-18.94,-17.49,0.96,8.39,4.72,1907.0,True,87.34,70.8802802483723,-153.8895947245525
0129,24,1.0,gt1,7,-128.22,-128.22,-28.64,-22.03,0.82,19.91,14.15,1635.0,True,87.35,70.88026440227922,-153.88993277982772
0129,24,1.0,gt1,21,-97.73,-97.73,-18.72,-16.98,0.95,9.25,5.6,1907.0,True,79.0,70.88037694134351,-153.88729367960795
0129,24,1.0,gt1,16,-69.63,-71.02,-14.74,-15.9,0.97,7.09,8.18,1726.0,True,87.37,70.88029619216438,-153.8893259748098
0129,24,1.0,gt1,20,-78.97,-79.73,-15.88,-16.33,1.0,3.38,10.84,1816.0,True,78.72,70.88040713912052,-153.8865846273977
0129,24,1.0,gt1,10,-73.78,-73.78,-42.37,-41.79,0.89,14.49,45.72,636.0,True,87.28,70.88025238936717,-153.89021507346328
0129,24,1.0,gt1,17,-66.2,-70.31,-13.32,-14.7,0.99,5.38,5.01,1816.0,True,87.3,70.8803008647897,-153.8890768893855
0129,24,1.0,gt1,26,-71.92,-350.22,-48.2,47.05,0.04,188.57,711.74,545.0,True,87.39,70.88024176546398,-153.89046690884274
0129,24,1.0,gt1,12,-38.43,-38.43,-15.46,,,,,908.0,False,87.18,70.88012847943446,-153.89312530211157
0129,24,1.0,gt2,36,-107.21,-107.21,-18.74,-17.38,0.95,9.02,4.58,2089.0,True,83.86,70.88444589175647,-153.80188375679222
0129,24,1.0,gt2,46,-107.21,-107.21,-18.74,-17.71,0.96,8.67,4.82,2089.0,True,84.05,70.88443274740634,-153.80219722664674
0129,24,1.0,gt2,59,-102.99,-102.99,-18.01,-16.64,0.96,8.76,4.87,2089.0,True,83.99,70.88454631472312,-153.79950251243625
0129,24,1.0,gt2,47,-66.61,-66.61,-16.74,-16.08,0.89,10.45,10.62,1453.0,True,83.85,70.88445526796043,-153.80166222214663
0129,24,1.0,gt2,42,,,,,,,,,False,83.89,70.88425303081878,-153.8021702371341
0129,24,1.0,gt2,55,-71.99,-71.99,-18.1,-17.55,0.9,12.49,17.88,1453.0,True,83.9,70.88455737301817,-153.79923981765634
0129,24,1.0,gt2,65,-45.67,-45.67,-15.3,,,,,1090.0,False,82.06,70.88453106961032,-153.79771651657586
0129,24,1.0,gt2,41,-40.11,-40.11,-13.44,,,,,1090.0,False,83.88,70.88451015645938,-153.8003587880914
0129,24,1.0,gt2,44,,,,,,,,,False,83.88,70.88431965002229,-153.80488239811987
0129,24,1.0,gt2,53,1.83,-1.83,,,,,,90.0,False,84.02,70.88458354907777,-153.7986181267961
0129,24,1.0,gt3,92,-28.83,-88.67,-10.54,-12.14,0.13,59.49,390.42,999.0,True,83.41,70.88665098018028,-153.710322037533
0129,24,1.0,gt3,90,-89.1,-89.1,-23.88,-23.27,0.88,17.47,26.43,1363.0,True,83.42,70.88663722688713,-153.7106526234559
0129,24,1.0,gt3,85,-73.87,-75.03,-17.48,-16.56,0.96,9.24,10.8,1544.0,True,83.62,70.88667114567546,-153.70983732877662
0129,24,1.0,gt3,71,-91.13,-91.13,-24.42,-23.48,0.86,18.9,28.6,1363.0,True,87.29,70.88653502002424,-153.71310631506876
0129,24,1.0,gt3,77,-42.5,-42.5,-14.24,-14.63,0.93,8.56,51.3,1090.0,True,87.44,70.8865567679042,-153.7127442905612
0129,24,1.0,gt3,82,-61.81,-225.15,-27.63,-21.09,0.04,161.08,1290.57,817.0,True,87.24,70.88649891615074,-153.7139731341518
0129,24,1.0,gt3,81,-93.63,-93.63,-18.83,-17.83,0.98,9.43,31.61,1816.0,True,87.48,70.88657862852548,-153.71205811686
0129,24,1.0,gt3,80,-34.66,-34.66,-27.88,,,,,454.0,False,88.92,70.88641098612565,-153.7160856296468
0129,30,0.25,gt1,29,-82.98,-90.66,-16.68,-15.52,0.91,9.02,4.81,1817.0,True,78.69,70.88037265271564,-153.88739418301068
0129,30,0.25,gt1,34,-97.7,-97.7,-18.71,-18.63,0.96,9.8,5.46,1907.0,True,78.8,70.88039466534491,-153.88695668495063
0129,30,0.25,gt1,11,-95.54,-128.22,-20.22,-21.22,0.84,18.11,10.73,1726.0,True,87.32,70.8802683679864,-153.88983960066096
0129,30,0.25,gt1,9,-98.89,-98.89,-18.94,-17.49,0.96,7.51,3.91,1907.0,True,87.34,70.88028024855016,-153.88959471758236
0129,30,0.25,gt1,16,-34.23,-70.48,-5.99,-9.8,0.6,21.58,9.28,2089.0,True,87.4,70.8802960900291,-153.8893266525635
0129,30,0.25,gt1,10,-73.78,-73.78,-42.37,-35.52,0.69,19.82,43.99,636.0,True,87.27,70.88025238808176,-153.89021510253008
0129,30,0.25,gt1,26,-71.92,-350.22,-48.2,47.05,0.04,188.57,711.74,545.0,True,87.38,70.88024176493994,-153.89046692128633
0129,30,0.25,gt1,12,-14.32,-14.32,-11.52,,,,,454.0,False,87.15,70.88012847841905,-153.89312529143064
0129,30,0.25,gt2,36,-107.21,-107.21,-18.74,-17.38,0.95,9.02,4.58,2089.0,True,83.86,70.88444589121956,-153.80188376941769
0129,30,0.25,gt2,42,-107.21,-107.21,-18.74,-17.71,0.96,8.67,4.82,2089.0,True,83.88,70.88425303081883,-153.8021702371341
0129,30,0.25,gt2,52,-102.99,-102.99,-18.01,-16.47,0.95,8.19,4.16,2089.0,True,83.97,70.88454951016746,-153.79942542604243
0129,30,0.25,gt2,47,-66.61,-66.61,-16.74,-16.08,0.89,10.45,10.62,1453.0,True,83.83,70.88445527225726,-153.80166212037582
0129,30,0.25,gt2,61,-71.99,-71.99,-18.1,-16.21,0.87,13.08,19.07,1453.0,True,83.82,70.88456560945882,-153.79904427364275
0129,30,0.25,gt2,38,-22.95,-36.31,-7.11,-9.24,0.82,11.08,55.36,1180.0,True,84.14,70.88446765677601,-153.80136818041333
0129,30,0.25,gt2,54,1.83,-1.83,,,,,,90.0,False,84.24,70.88458191994755,-153.79865674165157
0129,30,0.25,gt2,65,-45.67,-45.67,-15.3,,,,,1090.0,False,82.51,70.88453106914835,-153.79771652738472
0129,30,0.25,gt2,44,,,,,,,,,False,83.87,70.88431964735817,-153.80488246036458
0129,30,0.25,gt2,41,-40.11,-40.11,-13.44,,,,,1090.0,False,83.89,70.88451015682863,-153.80035877931192
0129,30,0.25,gt3,92,-88.03,-88.03,-22.13,-20.6,0.83,16.8,17.06,1453.0,True,83.42,70.88665097810814,-153.71032208721596
0129,30,0.25,gt3,75,0.57,-91.7,0.14,-7.97,0.09,49.44,46.49,1453.0,True,87.36,70.88653683540545,-153.71306239431698
0129,30,0.25,gt3,86,-73.87,-75.03,-17.48,-16.56,0.96,9.24,10.8,1544.0,True,83.68,70.88666801677894,-153.70991218311988
0129,30,0.25,gt3,90,-89.1,-89.1,-23.88,-23.27,0.88,17.47,26.43,1363.0,True,83.42,70.88663722668254,-153.7106526276658
0129,30,0.25,gt3,70,,,,,,,,,False,87.3,70.88655458698261,-153.7126361479515
0129,30,0.25,gt3,78,-91.13,-91.13,-24.42,-23.48,0.86,18.9,28.6,1363.0,True,87.55,70.88652937912447,-153.7132416575139
0129,30,0.25,gt3,82,-9.37,-9.37,,,,,,182.0,False,87.21,70.88649891311618,-153.71397320944232
0129,30,0.25,gt3,69,-67.14,-67.14,-15.88,,,,,1544.0,False,87.52,70.88657170202595,-153.712224594159
0129,30,0.25,gt3,80,-34.66,-34.66,-27.88,,,,,454.0,False,88.92,70.88641098661728,-153.7160856172835
0129,30,0.5,gt1,29,-82.98,-90.66,-16.68,-15.52,0.91,9.02,4.81,1817.0,True,78.69,70.88037265271564,-153.88739418301068
0129,30,0.5,gt1,34,-97.7,-97.7,-18.71,-18.63,0.96,9.8,5.46,1907.0,True,78.8,70.88039466534491,-153.88695668495063
0129,30,0.5,gt1,11,-95.54,-128.22,-20.22,-21.22,0.84,18.11,10.73,1726.0,True,87.32,70.8802683679864,-153.88983960066096
0129,30,0.5,gt1,9,-98.89,-98.89,-18.94,-17.49,0.96,7.51,3.91,1907.0,True,87.34,70.88028024855016,-153.88959471758236
0129,30,0.5,gt1,16,-34.23,-70.48,-5.99,-9.8,0.6,21.58,9.28,2089.0,True,87.4,70.8802960900291,-153.8893266525635
0129,30,0.5,gt1,10,-73.78,-73.78,-42.37,-35.52,0.69,19.82,43.99,636.0,True,87.27,70.88025238808176,-153.89021510253008
0129,30,0.5,gt1,26,-71.92,-350.22,-48.2,47.05,0.04,188.57,711.74,545.0,True,87.38,70.88024176493994,-153.89046692128633
0129,30,0.5,gt1,12,-14.32,-14.32,-11.52,,,,,454.0,False,87.15,70.88012847841905,-153.89312529143064
0129,30,0.5,gt2,36,-107.21,-107.21,-18.74,-17.38,0.95,9.02,4.58,2089.0,True,83.86,70.88444589121956,-153.80188376941769
0129,30,0.5,gt2,42,-107.21,-107.21,-18.74,-17.71,0.96,8.67,4.82,2089.0,True,83.88,70.88425303081883,-153.8021702371341
0129,30,0.5,gt2,52,-102.99,-102.99,-18.01,-16.47,0.95,8.19,4.16,2089.0,True,83.97,70.88454951016746,-153.79942542604243
0129,30,0.5,gt2,47,-66.61,-66.61,-16.74,-16.08,0.89,10.45,10.62,1453.0,True,83.83,70.88445527225726,-153.80166212037582
0129,30,0.5,gt2,61,-71.99,-71.99,-18.1,-16.21,0.87,13.08,19.07,1453.0,True,83.82,70.88456560945882,-153.79904427364275
0129,30,0.5,gt2,38,-22.95,-36.31,-7.11,-9.24,0.82,11.08,55.36,1180.0,True,84.14,70.88446765677601,-153.80136818041333
0129,30,0.5,gt2,54,1.83,-1.83,,,,,,90.0,False,84.24,70.88458191994755,-153.79865674165157
0129,30,0.5,gt2,65,-45.67,-45.67,-15.3,,,,,1090.0,False,82.51,70.88453106914835,-153.79771652738472
0129,30,0.5,gt2,44,,,,,,,,,False,83.87,70.88431964735817,-153.80488246036458
0129,30,0.5,gt2,41,-40.11,-40.11,-13.44,,,,,1090.0,False,83.89,70.88451015682863,-153.80035877931192
0129,30,0.5,gt3,92,-88.03,-88.03,-22.13,-20.6,0.83,16.8,17.06,1453.0,True,83.42,70.88665097810814,-153.71032208721596
0129,30,0.5,gt3,75,0.57,-91.7,0.14,-7.97,0.09,49.44,46.49,1453.0,True,87.36,70.88653683540545,-153.71306239431698
0129,30,0.5,gt3,86,-73.87,-75.03,-17.48,-16.56,0.96,9.24,10.8,1544.0,True,83.68,70.88666801677894,-153.70991218311988
0129,30,0.5,gt3,90,-89.1,-89.1,-23.88,-23.27,0.88,17.47,26.43,1363.0,True,83.42,70.88663722668254,-153.7106526276658
0129,30,0.5,gt3,70,,,,,,,,,False,87.3,70.88655458698261,-153.7126361479515
0129,30,0.5,gt3,78,-91.13,-91.13,-24.42,-23.48,0.86,18.9,28.6,1363.0,True,87.55,70.88652937912447,-153.7132416575139
0129,30,0.5,gt3,82,-9.37,-9.37,,,,,,182.0,False,87.21,70.88649891311618,-153.71397320944232
0129,30,0.5,gt3,69,-93.63,-93.63,-18.83,-17.83,0.98,9.43,31.61,1816.0,True,87.52,70.88657170202595,-153.712224594159
0129,30,0.5,gt3,80,-34.66,-34.66,-27.88,,,,,454.0,False,88.92,70.88641098661728,-153.7160856172835
0129,30,0.75,gt1,29,-82.98,-90.66,-16.68,-15.52,0.91,9.02,4.81,1817.0,True,78.69,70.88037265271564,-153.88739418301068
0129,30,0.75,gt1,34,-97.7,-97.7,-18.71,-18.63,0.96,9.8,5.46,1907.0,True,78.8,70.88039466534491,-153.88695668495063
0129,30,0.75,gt1,11,-95.54,-128.22,-20.22,-21.22,0.84,18.11,10.73,1726.0,True,87.32,70.8802683679864,-153.88983960066096
0129,30,0.75,gt1,9,-98.89,-98.89,-18.94,-17.49,0.96,7.51,3.91,1907.0,True,87.34,70.88028024855016,-153.88959471758236
0129,30,0.75,gt1,16,-34.23,-70.48,-5.99,-9.8,0.6,21.58,9.28,2089.0,True,87.4,70.8802960900291,-153.8893266525635
0129,30,0.75,gt1,10,-73.78,-73.78,-42.37,-35.52,0.69,19.82,43.99,636.0,True,87.27,70.88025238808176,-153.89021510253008
0129,30,0.75,gt1,26,-71.92,-350.22,-48.2,47.05,0.04,188.57,711.74,545.0,True,87.38,70.88024176493994,-153.89046692128633
0129,30,0.75,gt1,12,-14.32,-14.32,-11.52,,,,,454.0,False,87.15,70.88012847841905,-153.89312529143064
0129,30,0.75,gt2,36,-107.21,-107.21,-18.74,-17.38,0.95,9.02,4.58,2089.0,True,83.86,70.88444589121956,-153.80188376941769
0129,30,0.75,gt2,42,-107.21,-107.21,-18.74,-17.71,0.96,8.67,4.82,2089.0,True,83.88,70.88425303081883,-153.8021702371341
0129,30,0.75,gt2,52,-102.99,-102.99,-18.01,-16.47,0.95,8.19,4.16,2089.0,True,83.97,70.88454951016746,-153.79942542604243
0129,30,0.75,gt2,47,-66.61,-66.61,-16.74,-16.08,0.89,10.45,10.62,1453.0,True,83.83,70.88445527225726,-153.80166212037582
0129,30,0.75,gt2,61,-71.99,-71.99,-18.1,-16.21,0.87,13.08,19.07,1453.0,True,83.82,70.88456560945882,-153.79904427364275
0129,30,0.75,gt2,38,-22.95,-36.31,-7.11,-9.24,0.82,11.08,55.36,1180.0,True,84.14,70.88446765677601,-153.80136818041333
0129,30,0.75,gt2,54,1.83,-1.83,,,,,,90.0,False,84.24,70.88458191994755,-153.79865674165157
0129,30,0.75,gt2,65,-45.67,-45.67,-15.3,,,,,1090.0,False,82.51,70.88453106914835,-153.79771652738472
0129,30,0.75,gt2,44,,,,,,,,,False,83.87,70.88431964735817,-153.80488246036458
0129,30,0.75,gt2,41,-40.11,-40.11,-13.44,,,,,1090.0,False,83.89,70.88451015682863,-153.80035877931192
0129,30,0.75,gt3,92,-88.03,-88.03,-22.13,-20.6,0.83,16.8,17.06,1453.0,True,83.42,70.88665097810814,-153.71032208721596
0129,30,0.75,gt3,75,0.57,-91.7,0.14,-7.97,0.09,49.44,46.49,1453.0,True,87.36,70.88653683540545,-153.71306239431698
0129,30,0.75,gt3,86,-73.87,-75.03,-17.48,-16.56,0.96,9.24,10.8,1544.0,True,83.68,70.88666801677894,-153.70991218311988
0129,30,0.75,gt3,90,-89.1,-89.1,-23.88,-23.27,0.88,17.47,26.43,1363.0,True,83.42,70.88663722668254,-153.7106526276658
0129,30,0.75,gt3,70,,,,,,,,,False,87.3,70.88655458698261,-153.7126361479515
0129,30,0.75,gt3,78,-91.13,-91.13,-24.42,-23.48,0.86,18.9,28.6,1363.0,True,87.55,70.88652937912447,-153.7132416575139
0129,30,0.75,gt3,82,-71.12,-71.12,-26.0,-26.49,1.0,2.79,17.19,999.0,True,87.21,70.88649891311618,-153.71397320944232
0129,30,0.75,gt3,69,-93.63,-93.63,-18.83,-17.83,0.98,9.43,31.61,1816.0,True,87.52,70.88657170202595,-153.712224594159
0129,30,0.75,gt3,80,-34.66,-34.66,-27.88,,,,,454.0,False,88.92,70.88641098661728,-153.7160856172835
0129,30,1.0,gt1,29,-82.98,-90.66,-16.68,-15.52,0.91,9.02,4.81,1817.0,True,78.69,70.88037265271564,-153.88739418301068
0129,30,1.0,gt1,34,-97.7,-97.7,-18.71,-18.63,0.96,9.8,5.46,1907.0,True,78.8,70.88039466534491,-153.88695668495063
0129,30,1.0,gt1,11,-95.54,-128.22,-20.22,-21.22,0.84,18.11,10.73,1726.0,True,87.32,70.8802683679864,-153.88983960066096
0129,30,1.0,gt1,9,-98.89,-98.89,-18.94,-17.49,0.96,7.51,3.91,1907.0,True,87.34,70.88028024855016,-153.88959471758236
0129,30,1.0,gt1,16,-34.23,-70.48,-5.99,-9.8,0.6,21.58,9.28,2089.0,True,87.4,70.8802960900291,-153.8893266525635
0129,30,1.0,gt1,10,-73.78,-73.78,-42.37,-35.52,0.69,19.82,43.99,636.0,True,87.27,70.88025238808176,-153.89021510253008
0129,30,1.0,gt1,26,-71.92,-350.22,-48.2,47.05,0.04,188.57,711.74,545.0,True,87.38,70.88024176493994,-153.89046692128633
0129,30,1.0,gt1,12,-38.43,-38.43,-15.46,-15.45,0.98,4.06,29.31,908.0,True,87.15,70.88012847841905,-153.89312529143064
0129,30,1.0,gt2,36,-107.21,-107.21,-18.74,-17.38,0.95,9.02,4.58,2089.0,True,83.86,70.88444589121956,-153.80188376941769
0129,30,1.0,gt2,42,-107.21,-107.21,-18.74,-17.71,0.96,8.67,4.82,2089.0,True,83.88,70.88425303081883,-153.8021702371341
0129,30,1.0,gt2,52,-102.99,-102.99,-18.01,-16.47,0.95,8.19,4.16,2089.0,True,83.97,70.88454951016746,-153.79942542604243
0129,30,1.0,gt2,47,-66.61,-66.61,-16.74,-16.08,0.89,10.45,10.62,1453.0,True,83.83,70.88445527225726,-153.80166212037582
0129,30,1.0,gt2,61,-71.99,-71.99,-18.1,-16.21,0.87,13.08,19.07,1453.0,True,83.82,70.88456560945882,-153.79904427364275
0129,30,1.0,gt2,38,-22.95,-36.31,-7.11,-9.24,0.82,11.08,55.36,1180.0,True,84.14,70.88446765677601,-153.80136818041333
0129,30,1.0,gt2,54,1.83,-1.83,,,,,,90.0,False,84.24,70.88458191994755,-153.79865674165157
0129,30,1.0,gt2,65,-45.67,-45.67,-15.3,,,,,1090.0,False,82.51,70.88453106914835,-153.79771652738472
0129,30,1.0,gt2,44,,,,,,,,,False,83.87,70.88431964735817,-153.80488246036458
0129,30,1.0,gt2,41,-40.11,-40.11,-13.44,,,,,1090.0,False,83.89,70.88451015682863,-153.80035877931192
0129,30,1.0,gt3,92,-88.03,-88.03,-22.13,-20.6,0.83,16.8,17.06,1453.0,True,83.42,70.88665097810814,-153.71032208721596
0129,30,1.0,gt3,75,0.57,-91.7,0.14,-7.97,0.09,49.44,46.49,1453.0,True,87.36,70.88653683540545,-153.71306239431698
0129,30,1.0,gt3,86,-73.87,-75.03,-17.48,-16.56,0.96,9.24,10.8,1544.0,True,83.68,70.88666801677894,-153.70991218311988
0129,30,1.0,gt3,90,-89.1,-89.1,-23.88,-23.27,0.88,17.47,26.43,1363.0,True,83.42,70.88663722668254,-153.7106526276658
0129,30,1.0,gt3,70,,,,,,,,,False,87.3,70.88655458698261,-153.7126361479515
0129,30,1.0,gt3,78,-91.13,-91.13,-24.42,-23.48,0.86,18.9,28.6,1363.0,True,87.55,70.88652937912447,-153.7132416575139
0129,30,1.0,gt3,82,-71.12,-71.12,-26.0,-26.49,1.0,2.79,17.19,999.0,True,87.21,70.88649891311618,-153.71397320944232
0129,30,1.0,gt3,69,-93.63,-93.63,-18.83,-17.83,0.98,9.43,31.61,1816.0,True,87.52,70.88657170202595,-153.712224594159
0129,30,1.0,gt3,80,-34.66,-34.66,-27.88,,,,,454.0,False,88.92,70.88641098661728,-153.7160856172835
0129,36,0.25,gt1,29,-97.73,-97.73,-18.72,-15.92,0.93,8.51,3.97,1907.0,True,78.67,70.88037265264322,-153.88739418487336
0129,36,0.25,gt1,31,0.26,-69.0,0.06,-5.18,0.08,30.88,19.59,1726.0,True,84.19,70.8807114152633,-153.88794782020125
0129,36,0.25,gt1,4,-98.89,-128.22,-18.94,-19.74,0.86,15.95,7.16,1907.0,True,87.1,70.88027228602772,-153.88974758945307
0129,36,0.25,gt1,34,-105.93,-105.93,-18.52,-16.58,0.96,8.17,3.28,2089.0,True,78.79,70.88039461758848,-153.88695679607682
0129,36,0.25,gt1,3,-97.69,-98.89,-17.08,-16.5,0.97,7.93,3.41,2089.0,True,87.03,70.88029006959583,-153.88933057762955
0129,36,0.25,gt1,10,-128.22,-155.58,-28.64,-12.87,0.18,45.91,27.02,1635.0,True,87.27,70.88025238681692,-153.89021513112968
0129,36,0.25,gt1,12,-14.32,-14.32,-11.52,,,,,454.0,False,87.12,70.88012847742075,-153.89312528090355
0129,36,0.25,gt2,50,-107.21,-107.21,-18.74,-17.38,0.95,9.02,4.58,2089.0,True,84.16,70.88443808484679,-153.8020702221882
0129,36,0.25,gt2,36,-107.21,-107.21,-18.74,-17.38,0.95,9.02,4.58,2089.0,True,83.85,70.88444589069093,-153.80188378184837
0129,36,0.25,gt2,52,-102.99,-102.99,-18.01,-16.47,0.95,8.19,4.16,2089.0,True,83.97,70.88454951041602,-153.79942542006853
0129,36,0.25,gt2,45,-66.61,-66.61,-16.74,-14.41,0.77,12.78,10.83,1453.0,True,83.93,70.88445964233604,-153.80150433399555
0129,36,0.25,gt2,63,-96.24,-96.24,-18.43,-15.45,0.92,9.83,5.4,1907.0,True,84.19,70.88456391689103,-153.79908439848745
0129,36,0.25,gt2,58,-102.98,-102.98,-18.01,-17.18,0.97,7.72,4.5,2089.0,True,83.87,70.88435572095666,-153.79972882484006
0129,36,0.25,gt2,49,-76.16,-76.16,-20.42,-18.42,0.91,16.08,73.19,1362.0,True,83.92,70.88451392010556,-153.80026933568658
0129,36,0.25,gt2,65,-45.67,-45.67,-15.3,,,,,1090.0,False,82.96,70.88453106869336,-153.79771653803178
0129,36,0.25,gt2,44,,,,,,,,,False,83.87,70.88431964473502,-153.80488252164923
0129,36,0.25,gt3,92,-88.03,-88.03,-22.13,-19.45,0.8,15.8,13.4,1453.0,True,83.42,70.88665097606767,-153.7103221361385
0129,36,0.25,gt3,77,-91.72,-91.72,-23.06,-20.21,0.85,15.45,11.92,1453.0,True,87.42,70.88655651644638,-153.71274464629374
0129,36,0.25,gt3,87,-88.03,-89.1,-22.13,-20.76,0.86,16.16,15.2,1453.0,True,83.49,70.88664407039359,-153.71048800419126
0129,36,0.25,gt3,78,-91.13,-91.13,-24.42,-23.48,0.86,18.9,28.6,1363.0,True,87.55,70.8865293783843,-153.71324167501882
0129,36,0.25,gt3,69,-67.14,-76.92,-15.88,-15.82,0.93,11.53,13.49,1544.0,True,87.52,70.88657170255334,-153.71222458151112
0129,36,0.25,gt3,96,-73.87,-75.03,-17.48,-18.14,0.99,3.5,4.47,1544.0,True,83.76,70.88668219464695,-153.70957167656738
0129,36,0.25,gt3,82,-9.37,-9.37,,,,,,182.0,False,87.19,70.88649891012841,-153.71397328357034
0129,36,0.25,gt3,81,-67.14,-67.14,-15.88,-16.24,0.99,4.63,19.14,1544.0,True,87.47,70.88657862656437,-153.71205816412927
0129,36,0.25,gt3,76,-34.66,-34.66,-27.88,,,,,454.0,False,88.92,70.88641274408059,-153.71604336263272
0129,36,0.5,gt1,29,-97.73,-97.73,-18.72,-15.92,0.93,8.51,3.97,1907.0,True,78.67,70.88037265264322,-153.88739418487336
0129,36,0.5,gt1,31,0.26,-69.0,0.06,-5.18,0.08,30.88,19.59,1726.0,True,84.19,70.8807114152633,-153.88794782020125
0129,36,0.5,gt1,4,-98.89,-128.22,-18.94,-19.74,0.86,15.95,7.16,1907.0,True,87.1,70.88027228602772,-153.88974758945307
0129,36,0.5,gt1,34,-105.93,-105.93,-18.52,-16.58,0.96,8.17,3.28,2089.0,True,78.79,70.88039461758848,-153.88695679607682
0129,36,0.5,gt1,3,-97.69,-98.89,-17.08,-16.5,0.97,7.93,3.41,2089.0,True,87.03,70.88029006959583,-153.88933057762955
0129,36,0.5,gt1,10,-128.22,-155.58,-28.64,-12.87,0.18,45.91,27.02,1635.0,True,87.27,70.88025238681692,-153.89021513112968
0129,36,0.5,gt1,12,-14.32,-14.32,-11.52,,,,,454.0,False,87.12,70.88012847742075,-153.89312528090355
0129,36,0.5,gt2,50,-107.21,-107.21,-18.74,-17.38,0.95,9.02,4.58,2089.0,True,84.16,70.88443808484679,-153.8020702221882
0129,36,0.5,gt2,36,-107.21,-107.21,-18.74,-17.38,0.95,9.02,4.58,2089.0,True,83.85,70.88444589069093,-153.80188378184837
0129,36,0.5,gt2,52,-102.99,-102.99,-18.01,-16.47,0.95,8.19,4.16,2089.0,True,83.97,70.88454951041602,-153.79942542006853
0129,36,0.5,gt2,45,-66.61,-66.61,-16.74,-14.41,0.77,12.78,10.83,1453.0,True,83.93,70.88445964233604,-153.80150433399555
0129,36,0.5,gt2,63,-96.24,-96.24,-18.43,-15.45,0.92,9.83,5.4,1907.0,True,84.19,70.88456391689103,-153.79908439848745
0129,36,0.5,gt2,58,-102.98,-102.98,-18.01,-17.18,0.97,7.72,4.5,2089.0,True,83.87,70.88435572095666,-153.79972882484006
0129,36,0.5,gt2,49,-76.16,-76.16,-20.42,-18.42,0.91,16.08,73.19,1362.0,True,83.92,70.88451392010556,-153.80026933568658
0129,36,0.5,gt2,65,-45.67,-45.67,-15.3,,,,,1090.0,False,82.96,70.88453106869336,-153.79771653803178
0129,36,0.5,gt2,44,,,,,,,,,False,83.87,70.88431964473502,-153.80488252164923
0129,36,0.5,gt3,92,-88.03,-88.03,-22.13,-19.45,0.8,15.8,13.4,1453.0,True,83.42,70.88665097606767,-153.7103221361385
0129,36,0.5,gt3,77,-91.72,-91.72,-23.06,-20.21,0.85,15.45,11.92,1453.0,True,87.42,70.88655651644638,-153.71274464629374
0129,36,0.5,gt3,87,-88.03,-89.1,-22.13,-20.76,0.86,16.16,15.2,1453.0,True,83.49,70.88664407039359,-153.71048800419126
0129,36,0.5,gt3,78,-91.13,-91.13,-24.42,-23.48,0.86,18.9,28.6,1363.0,True,87.55,70.8865293783843,-153.71324167501882
0129,36,0.5,gt3,69,-93.63,-103.41,-18.83,-18.48,0.93,13.36,9.29,1816.0,True,87.52,70.88657170255334,-153.71222458151112
0129,36,0.5,gt3,96,-73.87,-75.03,-17.48,-18.14,0.99,3.5,4.47,1544.0,True,83.76,70.88668219464695,-153.70957167656738
0129,36,0.5,gt3,82,-9.37,-9.37,,,,,,182.0,False,87.19,70.88649891012841,-153.71397328357034
0129,36,0.5,gt3,81,-93.63,-93.63,-18.83,-18.41,0.98,7.8,8.17,1816.0,True,87.47,70.88657862656437,-153.71205816412927
0129,36,0.5,gt3,76,-34.66,-34.66,-27.88,,,,,454.0,False,88.92,70.88641274408059,-153.71604336263272
0129,36,0.75,gt1,29,-97.73,-97.73,-18.72,-15.92,0.93,8.51,3.97,1907.0,True,78.67,70.88037265264322,-153.88739418487336
0129,36,0.75,gt1,31,0.26,-69.0,0.06,-5.18,0.08,30.88,19.59,1726.0,True,84.19,70.8807114152633,-153.88794782020125
0129,36,0.75,gt1,4,-98.89,-128.22,-18.94,-19.74,0.86,15.95,7.16,1907.0,True,87.1,70.88027228602772,-153.88974758945307
0129,36,0.75,gt1,34,-105.93,-105.93,-18.52,-16.58,0.96,8.17,3.28,2089.0,True,78.79,70.88039461758848,-153.88695679607682
0129,36,0.75,gt1,3,-97.69,-98.89,-17.08,-16.5,0.97,7.93,3.41,2089.0,True,87.03,70.88029006959583,-153.88933057762955
0129,36,0.75,gt1,10,-128.22,-155.58,-28.64,-12.87,0.18,45.91,27.02,1635.0,True,87.27,70.88025238681692,-153.89021513112968
0129,36,0.75,gt1,12,-14.32,-14.32,-11.52,,,,,454.0,False,87.12,70.88012847742075,-153.89312528090355
0129,36,0.75,gt2,50,-107.21,-107.21,-18.74,-17.38,0.95,9.02,4.58,2089.0,True,84.16,70.88443808484679,-153.8020702221882
0129,36,0.75,gt2,36,-107.21,-107.21,-18.74,-17.38,0.95,9.02,4.58,2089.0,True,83.85,70.88444589069093,-153.80188378184837
0129,36,0.75,gt2,52,-102.99,-102.99,-18.01,-16.47,0.95,8.19,4.16,2089.0,True,83.97,70.88454951041602,-153.79942542006853
0129,36,0.75,gt2,45,-66.61,-66.61,-16.74,-14.41,0.77,12.78,10.83,1453.0,True,83.93,70.88445964233604,-153.80150433399555
0129,36,0.75,gt2,63,-96.24,-96.24,-18.43,-15.45,0.92,9.83,5.4,1907.0,True,84.19,70.88456391689103,-153.79908439848745
0129,36,0.75,gt2,58,-102.98,-102.98,-18.01,-17.18,0.97,7.72,4.5,2089.0,True,83.87,70.88435572095666,-153.79972882484006
0129,36,0.75,gt2,49,-76.16,-76.16,-20.42,-18.42,0.91,16.08,73.19,1362.0,True,83.92,70.88451392010556,-153.80026933568658
0129,36,0.75,gt2,65,-45.67,-45.67,-15.3,,,,,1090.0,False,82.96,70.88453106869336,-153.79771653803178
0129,36,0.75,gt2,44,,,,,,,,,False,83.87,70.88431964473502,-153.80488252164923
0129,36,0.75,gt3,92,-88.03,-88.03,-22.13,-19.45,0.8,15.8,13.4,1453.0,True,83.42,70.88665097606767,-153.7103221361385
0129,36,0.75,gt3,77,-91.72,-91.72,-23.06,-20.21,0.85,15.45,11.92,1453.0,True,87.42,70.88655651644638,-153.71274464629374
0129,36,0.75,gt3,87,-88.03,-89.1,-22.13,-20.76,0.86,16.16,15.2,1453.0,True,83.49,70.88664407039359,-153.71048800419126
0129,36,0.75,gt3,78,-91.13,-91.13,-24.42,-23.48,0.86,18.9,28.6,1363.0,True,87.55,70.8865293783843,-153.71324167501882
0129,36,0.75,gt3,69,-93.63,-103.41,-18.83,-18.48,0.93,13.36,9.29,1816.0,True,87.52,70.88657170255334,-153.71222458151112
0129,36,0.75,gt3,96,-73.87,-75.03,-17.48,-18.14,0.99,3.5,4.47,1544.0,True,83.76,70.88668219464695,-153.70957167656738
0129,36,0.75,gt3,82,-71.12,-71.12,-26.0,-26.49,1.0,2.79,17.19,999.0,True,87.19,70.88649891012841,-153.71397328357034
0129,36,0.75,gt3,81,-93.63,-93.63,-18.83,-18.41,0.98,7.8,8.17,1816.0,True,87.47,70.88657862656437,-153.71205816412927
0129,36,0.75,gt3,76,-34.66,-34.66,-27.88,,,,,454.0,False,88.92,70.88641274408059,-153.71604336263272
0129,36,1.0,gt1,29,-97.73,-97.73,-18.72,-15.92,0.93,8.51,3.97,1907.0,True,78.67,70.88037265264322,-153.88739418487336
0129,36,1.0,gt1,31,0.26,-69.0,0.06,-5.18,0.08,30.88,19.59,1726.0,True,84.19,70.8807114152633,-153.88794782020125
0129,36,1.0,gt1,4,-98.89,-128.22,-18.94,-19.74,0.86,15.95,7.16,1907.0,True,87.1,70.88027228602772,-153.88974758945307
0129,36,1.0,gt1,34,-105.93,-105.93,-18.52,-16.58,0.96,8.17,3.28,2089.0,True,78.79,70.88039461758848,-153.88695679607682
0129,36,1.0,gt1,3,-97.69,-98.89,-17.08,-16.5,0.97,7.93,3.41,2089.0,True,87.03,70.88029006959583,-153.88933057762955
0129,36,1.0,gt1,10,-128.22,-155.58,-28.64,-12.87,0.18,45.91,27.02,1635.0,True,87.27,70.88025238681692,-153.89021513112968
0129,36,1.0,gt1,12,-38.43,-38.43,-15.46,-15.45,0.98,4.06,29.31,908.0,True,87.12,70.88012847742075,-153.89312528090355
0129,36,1.0,gt2,50,-107.21,-107.21,-18.74,-17.38,0.95,9.02,4.58,2089.0,True,84.16,70.88443808484679,-153.8020702221882
0129,36,1.0,gt2,36,-107.21,-107.21,-18.74,-17.38,0.95,9.02,4.58,2089.0,True,83.85,70.88444589069093,-153.80188378184837
0129,36,1.0,gt2,52,-102.99,-102.99,-18.01,-16.47,0.95,8.19,4.16,2089.0,True,83.97,70.88454951041602,-153.79942542006853
0129,36,1.0,gt2,45,-66.61,-66.61,-16.74,-14.41,0.77,12.78,10.83,1453.0,True,83.93,70.88445964233604,-153.80150433399555
0129,36,1.0,gt2,63,-96.24,-96.24,-18.43,-15.45,0.92,9.83,5.4,1907.0,True,84.19,70.88456391689103,-153.79908439848745
0129,36,1.0,gt2,58,-102.98,-102.98,-18.01,-17.18,0.97,7.72,4.5,2089.0,True,83.87,70.88435572095666,-153.79972882484006
0129,36,1.0,gt2,49,-76.16,-76.16,-20.42,-18.42,0.91,16.08,73.19,1362.0,True,83.92,70.88451392010556,-153.80026933568658
0129,36,1.0,gt2,65,-45.67,-45.67,-15.3,,,,,1090.0,False,82.96,70.88453106869336,-153.79771653803178
0129,36,1.0,gt2,44,,,,,,,,,False,83.87,70.88431964473502,-153.80488252164923
0129,36,1.0,gt3,92,-88.03,-88.03,-22.13,-19.45,0.8,15.8,13.4,1453.0,True,83.42,70.88665097606767,-153.7103221361385
0129,36,1.0,gt3,77,-91.72,-91.72,-23.06,-20.21,0.85,15.45,11.92,1453.0,True,87.42,70.88655651644638,-153.71274464629374
0129,36,1.0,gt3,87,-88.03,-89.1,-22.13,-20.76,0.86,16.16,15.2,1453.0,True,83.49,70.88664407039359,-153.71048800419126
0129,36,1.0,gt3,78,-91.13,-91.13,-24.42,-23.48,0.86,18.9,28.6,1363.0,True,87.55,70.8865293783843,-153.71324167501882
0129,36,1.0,gt3,69,-93.63,-103.41,-18.83,-18.48,0.93,13.36,9.29,1816.0,True,87.52,70.88657170255334,-153.71222458151112
0129,36,1.0,gt3,96,-73.87,-75.03,-17.48,-18.14,0.99,3.5,4.47,1544.0,True,83.76,70.88668219464695,-153.70957167656738
0129,36,1.0,gt3,82,-71.12,-71.12,-26.0,-26.49,1.0,2.79,17.19,999.0,True,87.19,70.88649891012841,-153.71397328357034
0129,36,1.0,gt3,81,-93.63,-93.63,-18.83,-18.41,0.98,7.8,8.17,1816.0,True,87.47,70.88657862656437,-153.71205816412927
0129,36,1.0,gt3,76,-34.66,-34.66,-27.88,,,,,454.0,False,88.92,70.88641274408059,-153.71604336263272
0129,42,0.25,gt1,29,-97.77,-97.77,-18.73,-15.92,0.93,8.54,3.99,1907.0,True,78.66,70.88037265257181,-153.88739418670866
0129,42,0.25,gt1,15,-59.46,-67.59,-19.92,-16.14,0.78,12.55,12.06,1090.0,True,83.43,70.88035820686073,-153.88773087248634
0129,42,0.25,gt1,14,-102.33,-109.39,-17.89,-18.04,0.93,10.21,4.02,2089.0,True,87.85,70.88027475992746,-153.88969557206298
0129,42,0.25,gt1,27,-97.73,-97.73,-18.72,-15.96,0.93,9.17,4.46,1907.0,True,78.94,70.8803828864383,-153.88715436006905
0129,42,0.25,gt1,7,-95.54,-128.22,-20.22,-21.22,0.83,16.96,9.57,1726.0,True,87.37,70.88026440653027,-153.8899326798891
0129,42,0.25,gt1,16,-97.69,-98.89,-17.08,-16.11,0.94,9.34,3.62,2089.0,True,87.44,70.88029589083358,-153.8893279706809
0129,42,0.25,gt1,34,-105.95,-105.95,-18.52,-16.64,0.97,7.72,3.1,2089.0,True,78.79,70.88039457064015,-153.88695690411353
0129,42,0.25,gt1,10,-128.22,-352.85,-28.64,2.03,0.0,114.92,67.64,1635.0,True,87.26,70.8802523855722,-153.89021515927323
0129,42,0.25,gt1,35,-78.97,-79.73,-15.88,-16.8,0.99,5.53,3.71,1816.0,True,78.91,70.88041106995458,-153.88649203492008
0129,42,0.25,gt1,12,-14.32,-14.32,-11.52,,,,,454.0,False,87.09,70.88012847643888,-153.89312527052658
0129,42,0.25,gt2,39,-107.21,-107.21,-18.74,-16.89,0.95,8.65,3.87,2089.0,True,84.03,70.88444582687305,-153.80188622607503
0129,42,0.25,gt2,51,-107.21,-107.21,-18.74,-17.38,0.95,9.02,4.58,2089.0,True,84.05,70.88443685315511,-153.80209970279492
0129,42,0.25,gt2,55,-102.99,-102.99,-18.01,-16.47,0.95,8.19,4.16,2089.0,True,83.89,70.88455737178491,-153.79923984632347
0129,42,0.25,gt2,58,-102.98,-102.98,-18.01,-15.99,0.95,9.01,4.38,2089.0,True,83.86,70.88435572095663,-153.79972882484006
0129,42,0.25,gt2,45,2.78,-111.54,0.49,-6.0,0.13,36.83,15.66,2089.0,True,83.93,70.8844596650275,-153.80150423696443
0129,42,0.25,gt2,63,-96.24,-96.24,-18.43,-15.49,0.92,8.97,4.47,1907.0,True,84.19,70.88456391713672,-153.7990843924715
0129,42,0.25,gt2,48,,,,,,,,,False,83.98,70.88431287926299,-153.80502961381802
0129,42,0.25,gt2,65,-45.67,-45.67,-15.3,,,,,1090.0,False,83.41,70.88453106824497,-153.7977165485206
0129,42,0.25,gt3,94,48.89,-127.62,9.83,-2.99,0.01,51.56,29.35,1817.0,True,83.68,70.88665957668972,-153.71011530800348
0129,42,0.25,gt3,70,-91.72,-91.72,-23.06,-19.26,0.75,18.22,15.45,1453.0,True,87.3,70.88655459089667,-153.71263605033758
0129,42,0.25,gt3,77,-91.72,-91.72,-23.06,-18.35,0.78,16.5,11.12,1453.0,True,87.42,70.88655639357401,-153.71274482027874
0129,42,0.25,gt3,87,-88.03,-128.8,-22.13,-12.74,0.23,42.21,32.56,1453.0,True,83.5,70.88664407032705,-153.71048800579928
0129,42,0.25,gt3,71,-91.72,-91.72,-23.06,-20.21,0.85,15.45,11.92,1453.0,True,87.28,70.886535028155,-153.7131061093931
0129,42,0.25,gt3,95,147.57,-163.3,49.45,45.71,0.58,82.73,495.98,1090.0,True,87.99,70.88650177004814,-153.71372480121656
0129,42,0.25,gt3,96,-73.87,-75.03,-17.48,-16.58,0.96,7.54,6.44,1544.0,True,83.79,70.88668219681159,-153.70957162487144
0129,42,0.25,gt3,97,,,,,,,,,False,87.53,70.88657811813172,-153.71207308888654
0129,42,0.25,gt3,76,-34.24,-34.24,-27.54,,,,,454.0,False,88.9,70.88641274375566,-153.71604337030146
0129,42,0.5,gt1,29,-97.77,-97.77,-18.73,-15.92,0.93,8.54,3.99,1907.0,True,78.66,70.88037265257181,-153.88739418670866
0129,42,0.5,gt1,15,-44.07,-67.51,-11.81,-14.43,0.79,10.85,7.42,1363.0,True,83.43,70.88035820686073,-153.88773087248634
0129,42,0.5,gt1,14,-102.33,-109.39,-17.89,-18.04,0.93,10.21,4.02,2089.0,True,87.85,70.88027475992746,-153.88969557206298
0129,42,0.5,gt1,27,-97.73,-97.73,-18.72,-15.96,0.93,9.17,4.46,1907.0,True,78.94,70.8803828864383,-153.88715436006905
0129,42,0.5,gt1,7,-95.54,-128.22,-20.22,-21.22,0.83,16.96,9.57,1726.0,True,87.37,70.88026440653027,-153.8899326798891
0129,42,0.5,gt1,16,-97.69,-98.89,-17.08,-16.11,0.94,9.34,3.62,2089.0,True,87.44,70.88029589083358,-153.8893279706809
0129,42,0.5,gt1,34,-105.95,-105.95,-18.52,-16.64,0.97,7.72,3.1,2089.0,True,78.79,70.88039457064015,-153.88695690411353
0129,42,0.5,gt1,10,-128.22,-352.85,-28.64,2.03,0.0,114.92,67.64,1635.0,True,87.26,70.8802523855722,-153.89021515927323
0129,42,0.5,gt1,35,-78.97,-79.73,-15.88,-16.8,0.99,5.53,3.71,1816.0,True,78.91,70.88041106995458,-153.88649203492008
0129,42,0.5,gt1,12,-14.32,-14.32,-11.52,,,,,454.0,False,87.09,70.88012847643888,-153.89312527052658
0129,42,0.5,gt2,39,-107.21,-107.21,-18.74,-16.89,0.95,8.65,3.87,2089.0,True,84.03,70.88444582687305,-153.80188622607503
0129,42,0.5,gt2,51,-107.21,-107.21,-18.74,-17.38,0.95,9.02,4.58,2089.0,True,84.05,70.88443685315511,-153.80209970279492
0129,42,0.5,gt2,55,-102.99,-102.99,-18.01,-16.47,0.95,8.19,4.16,2089.0,True,83.89,70.88455737178491,-153.79923984632347
0129,42,0.5,gt2,58,-102.98,-102.98,-18.01,-15.99,0.95,9.01,4.38,2089.0,True,83.86,70.88435572095663,-153.79972882484006
0129,42,0.5,gt2,45,2.78,-111.54,0.49,-6.0,0.13,36.83,15.66,2089.0,True,83.93,70.8844596650275,-153.80150423696443
0129,42,0.5,gt2,63,-96.24,-96.24,-18.43,-15.49,0.92,8.97,4.47,1907.0,True,84.19,70.88456391713672,-153.7990843924715
0129,42,0.5,gt2,48,,,,,,,,,False,83.98,70.88431287926299,-153.80502961381802
0129,42,0.5,gt2,65,-45.67,-45.67,-15.3,,,,,1090.0,False,83.41,70.88453106824497,-153.7977165485206
0129,42,0.5,gt3,94,48.89,-127.62,9.83,-2.99,0.01,51.56,29.35,1817.0,True,83.68,70.88665957668972,-153.71011530800348
0129,42,0.5,gt3,70,-91.72,-91.72,-23.06,-19.26,0.75,18.22,15.45,1453.0,True,87.3,70.88655459089667,-153.71263605033758
0129,42,0.5,gt3,77,-91.72,-91.72,-23.06,-18.35,0.78,16.5,11.12,1453.0,True,87.42,70.88655639357401,-153.71274482027874
0129,42,0.5,gt3,87,-88.03,-128.8,-22.13,-12.74,0.23,42.21,32.56,1453.0,True,83.5,70.88664407032705,-153.71048800579928
0129,42,0.5,gt3,71,-91.72,-91.72,-23.06,-20.21,0.85,15.45,11.92,1453.0,True,87.28,70.886535028155,-153.7131061093931
0129,42,0.5,gt3,95,147.57,-163.3,49.45,45.71,0.58,82.73,495.98,1090.0,True,87.99,70.88650177004814,-153.71372480121656
0129,42,0.5,gt3,96,-73.87,-75.03,-17.48,-16.58,0.96,7.54,6.44,1544.0,True,83.79,70.88668219681159,-153.70957162487144
0129,42,0.5,gt3,97,-26.44,-26.44,,,,,,272.0,False,87.53,70.88657811813172,-153.71207308888654
0129,42,0.5,gt3,76,-34.24,-34.24,-27.54,,,,,454.0,False,88.9,70.88641274375566,-153.71604337030146
0129,42,0.75,gt1,29,-97.77,-97.77,-18.73,-15.92,0.93,8.54,3.99,1907.0,True,78.66,70.88037265257181,-153.88739418670866
0129,42,0.75,gt1,15,-44.07,-67.51,-11.81,-14.43,0.79,10.85,7.42,1363.0,True,83.43,70.88035820686073,-153.88773087248634
0129,42,0.75,gt1,14,-102.33,-109.39,-17.89,-18.04,0.93,10.21,4.02,2089.0,True,87.85,70.88027475992746,-153.88969557206298
0129,42,0.75,gt1,27,-97.73,-97.73,-18.72,-15.96,0.93,9.17,4.46,1907.0,True,78.94,70.8803828864383,-153.88715436006905
0129,42,0.75,gt1,7,-95.54,-128.22,-20.22,-21.22,0.83,16.96,9.57,1726.0,True,87.37,70.88026440653027,-153.8899326798891
0129,42,0.75,gt1,16,-97.69,-98.89,-17.08,-16.11,0.94,9.34,3.62,2089.0,True,87.44,70.88029589083358,-153.8893279706809
0129,42,0.75,gt1,34,-105.95,-105.95,-18.52,-16.64,0.97,7.72,3.1,2089.0,True,78.79,70.88039457064015,-153.88695690411353
0129,42,0.75,gt1,10,-128.22,-352.85,-28.64,2.03,0.0,114.92,67.64,1635.0,True,87.26,70.8802523855722,-153.89021515927323
0129,42,0.75,gt1,35,-78.97,-79.73,-15.88,-16.8,0.99,5.53,3.71,1816.0,True,78.91,70.88041106995458,-153.88649203492008
0129,42,0.75,gt1,12,-14.32,-14.32,-11.52,,,,,454.0,False,87.09,70.88012847643888,-153.89312527052658
0129,42,0.75,gt2,39,-107.21,-107.21,-18.74,-16.89,0.95,8.65,3.87,2089.0,True,84.03,70.88444582687305,-153.80188622607503
0129,42,0.75,gt2,51,-107.21,-107.21,-18.74,-17.38,0.95,9.02,4.58,2089.0,True,84.05,70.88443685315511,-153.80209970279492
0129,42,0.75,gt2,55,-102.99,-102.99,-18.01,-16.47,0.95,8.19,4.16,2089.0,True,83.89,70.88455737178491,-153.79923984632347
0129,42,0.75,gt2,58,-102.98,-102.98,-18.01,-15.99,0.95,9.01,4.38,2089.0,True,83.86,70.88435572095663,-153.79972882484006
0129,42,0.75,gt2,45,2.78,-111.54,0.49,-6.0,0.13,36.83,15.66,2089.0,True,83.93,70.8844596650275,-153.80150423696443
0129,42,0.75,gt2,63,-96.24,-96.24,-18.43,-15.49,0.92,8.97,4.47,1907.0,True,84.19,70.88456391713672,-153.7990843924715
0129,42,0.75,gt2,48,,,,,,,,,False,83.98,70.88431287926299,-153.80502961381802
0129,42,0.75,gt2,65,-45.67,-45.67,-15.3,,,,,1090.0,False,83.41,70.88453106824497,-153.7977165485206
0129,42,0.75,gt3,94,48.89,-127.62,9.83,-2.99,0.01,51.56,29.35,1817.0,True,83.68,70.88665957668972,-153.71011530800348
0129,42,0.75,gt3,70,-91.72,-91.72,-23.06,-19.26,0.75,18.22,15.45,1453.0,True,87.3,70.88655459089667,-153.71263605033758
0129,42,0.75,gt3,77,-91.72,-91.72,-23.06,-18.35,0.78,16.5,11.12,1453.0,True,87.42,70.88655639357401,-153.71274482027874
0129,42,0.75,gt3,87,-88.03,-128.8,-22.13,-12.74,0.23,42.21,32.56,1453.0,True,83.5,70.88664407032705,-153.71048800579928
0129,42,0.75,gt3,71,-91.72,-91.72,-23.06,-20.21,0.85,15.45,11.92,1453.0,True,87.28,70.886535028155,-153.7131061093931
0129,42,0.75,gt3,95,147.57,-266.23,49.45,47.95,0.29,113.41,230.1,1090.0,True,87.99,70.88650177004814,-153.71372480121656
0129,42,0.75,gt3,96,-73.87,-75.03,-17.48,-16.58,0.96,7.54,6.44,1544.0,True,83.79,70.88668219681159,-153.70957162487144
0129,42,0.75,gt3,97,-83.23,-83.23,-22.32,-21.38,0.98,7.44,33.86,1362.0,True,87.53,70.88657811813172,-153.71207308888654
0129,42,0.75,gt3,76,-34.24,-34.24,-27.54,,,,,454.0,False,88.9,70.88641274375566,-153.71604337030146
0129,42,1.0,gt1,29,-97.77,-97.77,-18.73,-15.92,0.93,8.54,3.99,1907.0,True,78.66,70.88037265257181,-153.88739418670866
0129,42,1.0,gt1,15,-44.07,-67.51,-11.81,-14.43,0.79,10.85,7.42,1363.0,True,83.43,70.88035820686073,-153.88773087248634
0129,42,1.0,gt1,14,-102.33,-109.39,-17.89,-18.04,0.93,10.21,4.02,2089.0,True,87.85,70.88027475992746,-153.88969557206298
0129,42,1.0,gt1,27,-97.73,-97.73,-18.72,-15.96,0.93,9.17,4.46,1907.0,True,78.94,70.8803828864383,-153.88715436006905
0129,42,1.0,gt1,7,-95.54,-128.22,-20.22,-21.22,0.83,16.96,9.57,1726.0,True,87.37,70.88026440653027,-153.8899326798891
0129,42,1.0,gt1,16,-97.69,-98.89,-17.08,-16.11,0.94,9.34,3.62,2089.0,True,87.44,70.88029589083358,-153.8893279706809
0129,42,1.0,gt1,34,-105.95,-105.95,-18.52,-16.64,0.97,7.72,3.1,2089.0,True,78.79,70.88039457064015,-153.88695690411353
0129,42,1.0,gt1,10,-128.22,-352.85,-28.64,2.03,0.0,114.92,67.64,1635.0,True,87.26,70.8802523855722,-153.89021515927323
0129,42,1.0,gt1,35,-78.97,-79.73,-15.88,-16.8,0.99,5.53,3.71,1816.0,True,78.91,70.88041106995458,-153.88649203492008
0129,42,1.0,gt1,12,-38.43,-38.43,-15.46,-15.45,0.98,4.06,29.31,908.0,True,87.09,70.88012847643888,-153.89312527052658
0129,42,1.0,gt2,39,-107.21,-107.21,-18.74,-16.89,0.95,8.65,3.87,2089.0,True,84.03,70.88444582687305,-153.80188622607503
0129,42,1.0,gt2,51,-107.21,-107.21,-18.74,-17.38,0.95,9.02,4.58,2089.0,True,84.05,70.88443685315511,-153.80209970279492
0129,42,1.0,gt2,55,-102.99,-102.99,-18.01,-16.47,0.95,8.19,4.16,2089.0,True,83.89,70.88455737178491,-153.79923984632347
0129,42,1.0,gt2,58,-102.98,-102.98,-18.01,-15.99,0.95,9.01,4.38,2089.0,True,83.86,70.88435572095663,-153.79972882484006
0129,42,1.0,gt2,45,2.78,-111.54,0.49,-6.0,0.13,36.83,15.66,2089.0,True,83.93,70.8844596650275,-153.80150423696443
0129,42,1.0,gt2,63,-96.24,-96.24,-18.43,-15.49,0.92,8.97,4.47,1907.0,True,84.19,70.88456391713672,-153.7990843924715
0129,42,1.0,gt2,48,,,,,,,,,False,83.98,70.88431287926299,-153.80502961381802
0129,42,1.0,gt2,65,-45.67,-45.67,-15.3,,,,,1090.0,False,83.41,70.88453106824497,-153.7977165485206
0129,42,1.0,gt3,94,48.89,-127.62,9.83,-2.99,0.01,51.56,29.35,1817.0,True,83.68,70.88665957668972,-153.71011530800348
0129,42,1.0,gt3,70,-91.72,-91.72,-23.06,-19.26,0.75,18.22,15.45,1453.0,True,87.3,70.88655459089667,-153.71263605033758
0129,42,1.0,gt3,77,-91.72,-91.72,-23.06,-18.35,0.78,16.5,11.12,1453.0,True,87.42,70.88655639357401,-153.71274482027874
0129,42,1.0,gt3,87,-88.03,-128.8,-22.13,-12.74,0.23,42.21,32.56,1453.0,True,83.5,70.88664407032705,-153.71048800579928
0129,42,1.0,gt3,71,-91.72,-91.72,-23.06,-20.21,0.85,15.45,11.92,1453.0,True,87.28,70.886535028155,-153.7131061093931
0129,42,1.0,gt3,95,-77.54,-266.23,-19.49,6.39,0.01,116.78,122.52,1453.0,True,87.99,70.88650177004814,-153.71372480121656
0129,42,1.0,gt3,96,-73.87,-75.03,-17.48,-16.58,0.96,7.54,6.44,1544.0,True,83.79,70.88668219681159,-153.70957162487144
0129,42,1.0,gt3,97,-83.23,-83.23,-22.32,-21.38,0.98,7.44,33.86,1362.0,True,87.53,70.88657811813172,-153.71207308888654
0129,42,1.0,gt3,76,-34.24,-34.24,-27.54,,,,,454.0,False,88.9,70.88641274375566,-153.71604337030146
