track_id,gt1l,gt1r,gt2l,gt2r,gt3l,gt3r
0015,,,56.6,64.2,,
0022,1911.3,1847.2,,,1988.6,2034.6
0030,,,53.1,49.9,,
0038,11.9,,36.7,39.9,75.0,75.9
0045,51.4,52.8,,,,
0053,279.8,277.6,287.3,282.6,275.1,275.8
0061,3069.8,3073.7,2952.2,2963.3,2937.5,2945.4
0068,,,,,,
0083,43.0,138.7,294.6,285.4,234.3,363.3
0091,2938.1,28.7,3052.2,30.5,,
0098,,,255.9,248.5,324.3,310.8
0099,36.2,39.7,,,64.5,66.9
0129,1632.6,1654.3,1603.6,1622.5,1607.0,1622.9
0137,,,16.0,23.3,2998.1,3015.4
0152,,,18.5,16.8,27397.3,27430.5
0167,22.3,,3550.9,3544.8,3359.1,3365.9
0190,,,6290.0,6447.9,,
0198,,,,,,53.3
0205,377.4,377.6,379.2,301.2,1713.8,1721.3
0213,,,15132.3,15128.8,15670.2,15677.6
0220,1592.4,1630.5,,,,
0228,,,12.4,12.9,3472.8,3466.2
0236,1719.2,1716.1,1758.7,1802.4,2035.3,2021.6
0244,4823.1,4252.3,4590.3,33.8,3870.5,3448.0
0251,,,,,,
0266,1781.5,1814.3,209.8,161.3,3215.9,3029.9
0274,58.5,40.3,,,41.5,37.1
0281,,,1621.6,1637.4,5167.4,5449.1
0289,,,9664.9,9867.5,3494.3,76.7
0297,1551.9,1560.8,16.4,17.1,1585.8,1580.0
0305,,,424.5,27.5,1258.3,991.0
0312,249.7,294.5,1623.6,1646.2,5033.2,5036.9
0320,23528.9,3151.6,,,22161.8,85.6
0327,,,,,1609.3,1552.5
0342,1457.6,309.2,288.2,342.0,1385.4,1393.2
0350,35.8,27.1,,,31.9,28.9
0358,,,,,98.6,112.6
0366,,,,,,
0373,2778.0,2768.8,2694.3,2741.4,2506.3,2523.3
0381,10118.6,50.4,,,,
0403,,,4739.6,4776.7,1644.5,1645.0
0411,3226.4,17406.0,58.8,17283.6,298.7,183.3
0419,,,18.0,26.6,,
0427,4825.5,4738.9,3545.7,3556.4,4052.5,
0434,289.3,157.4,305.1,302.6,251.0,239.8
0442,48.3,31.1,26.0,17.1,79.7,40.2
0449,,,,,182.7,202.5
0457,2922.6,2939.3,,,,
0464,6407.6,193.2,6463.9,1646.3,6241.0,7198.7
0472,1625.4,1719.9,2613.7,,,
0480,2016.3,53.7,1999.7,2022.7,70.5,34.3
0487,,,,,29.8,34.7
0488,3209.0,3203.3,3054.3,3082.1,,
0495,307.4,281.5,1761.6,284.8,2072.4,1997.2
0503,,5.8,,,61.3,52.8
0510,,,,,,7.9
0518,2909.9,2912.0,,,,
0525,,,1392.8,1388.2,,1693.5
0533,19.4,,,,57.0,49.5
0541,1443.3,1479.4,1444.7,1463.5,,
0556,,,,,49.9,432.5
0564,450.2,536.2,,,,
0571,,59.7,,,,
0579,54.5,53.4,,,38.2,39.6
0586,,,367.4,366.5,1794.3,1799.0
0594,,,,,,
0609,,,,,,
0610,62.4,59.7,,,,
0632,,,,,2357.1,846.8
0640,407.9,434.0,,,,
0647,1162.3,4591.1,3110.9,2834.2,3263.2,3141.8
0655,33.2,33.3,18.6,33.7,,
0662,2167.8,2202.8,2273.1,,,
0670,3051.3,497.5,3054.3,3101.5,,
0678,374.5,576.2,,,,
0686,42.3,25.0,13.7,10.9,3258.2,42.9
0708,867.4,963.8,447.6,407.6,789.8,801.8
0716,3088.8,3128.3,3731.3,40.9,,
0723,302.9,248.8,261.5,257.8,,
0731,,,3261.6,3293.3,,
0739,,1545.6,1538.6,1552.0,1640.0,1626.0
0747,3334.6,3408.9,,,,
0754,1786.6,1785.5,,,490.3,17.6
0762,25.4,8.5,2884.7,2888.4,,
0769,408.4,414.6,415.2,412.0,427.8,418.7
0777,3100.2,3170.3,,,,
0784,,,,,,
0792,3444.0,3411.6,2945.3,2957.6,,
0800,,,,,,
0808,,,62.1,62.8,117.0,90.9
0815,2018.2,,2519.8,2492.4,,
0823,1631.5,1655.1,,,,
0845,525.7,314.3,1775.9,1789.5,,
0853,60.3,48.3,47.6,51.7,2930.5,2024.5
0861,,,2024.1,2079.4,1754.1,1830.4
0869,112.9,119.7,30.0,52.9,81.1,160.6
0876,242.9,235.4,215.9,215.5,2104.6,205.9
0884,127.7,118.0,30.2,23.6,58.9,77.4
0891,1667.8,1677.3,1824.1,1853.9,,
0899,,13331.3,3097.5,3120.4,46.6,46.2
0906,2452.6,2564.6,2254.9,2327.5,2516.0,2532.4
0914,7288.5,7303.6,7235.9,7251.8,3003.1,7270.3
0922,32.7,96.3,35.2,29.2,76.2,54.1
0930,,,18.5,14.6,68.5,44.9
0937,,,368.3,387.1,1620.9,1635.0
0945,3253.8,3231.3,3036.0,3032.4,,
0952,,1340.4,,,,
0960,,,1685.0,1731.6,1715.4,1443.1
0967,286.4,306.4,171.8,,1512.4,1524.1
0975,17031.8,17087.2,38.0,36.0,41.6,45.6
0983,26.0,24.1,,,46.5,37.7
0998,219.0,167.4,206.5,149.1,289.3,307.4
1006,1424.7,1416.8,1418.3,1423.7,1503.3,1496.2
1013,290.6,156.2,298.3,295.3,317.9,173.7
1021,,,41.5,47.5,,
1028,1718.9,1723.8,,,,268.7
1036,41147.1,41141.1,42375.6,42374.3,41675.7,
1044,49.3,53.3,38.4,26.6,54.5,50.8
1051,,,,,568.2,1622.5
1074,266.7,273.7,365.4,310.1,180.8,191.4
1082,44.4,38.7,72.9,95.6,102.5,129.5
1089,1746.3,1728.1,,,,
1097,1866.9,1897.2,600.7,632.4,,
1104,191.2,203.2,,,,
1112,,,1214.6,1345.0,1491.6,1843.9
1120,,,,,,
1128,,,,,1811.9,1800.7
1143,2682.3,2529.4,,,2197.9,2207.8
1150,1874.5,1858.0,,,,
1158,2148.2,2178.8,1848.5,1858.3,1949.2,2009.5
1165,195.0,234.6,2609.7,2464.5,1605.8,1541.5
1173,,,26.2,45.7,122.2,81.2
1181,2952.7,,481.5,608.9,3402.2,449.7
1189,2722.1,,26.4,24.3,2553.8,2551.8
1196,284.9,262.9,2669.6,2696.3,2697.3,2682.6
1211,,,,,,
1219,83.9,86.2,4199.2,4248.4,3787.6,3665.9
1226,323.1,386.2,3002.1,3062.3,,
1234,21.8,12.5,31.3,46.9,,
1242,110.8,97.9,,,,31.7
1250,120.3,130.6,,,4027.9,4524.9
1257,,,330.7,259.9,,9247.5
1265,4243.8,4153.7,2743.6,2748.6,2587.4,2578.1
1287,144.2,74.8,209.9,208.4,,
1295,3613.7,3476.0,4631.8,4575.2,613.8,581.3
1303,,,72.1,45.9,26.5,88.3
1311,68.6,72.6,111.7,49.5,60.8,55.8
1318,417.5,473.3,470.7,495.1,508.6,574.2
1326,,,615.0,605.4,612.6,615.9
1341,,,251.1,260.2,258.2,252.6
1348,353.1,375.5,434.1,462.4,78.8,353.6
1356,80.8,157.8,30.1,17.0,63.6,65.6
1364,112.1,42.6,,,,
1372,279.4,300.8,31.6,40.7,251.7,242.5
1379,239.6,233.6,351.5,311.6,246.6,222.4
1387,84.7,78.4,22.4,24.2,90.1,54.0
